age,bmi,sys_bp,dia_bp,cholesterol,symptoms_score,target
63,30.9,124,89,194,0.6,1
72,29.7,193,106,245,0.81,2
26,16.9,129,74,185,0.0,0
23,20.8,104,67,128,0.0,0
67,35.5,179,96,219,0.87,3
64,25.4,144,78,185,0.91,4
47,29.2,135,95,235,0.78,3
32,22.5,95,75,169,0.01,0
32,22.7,110,61,191,0.02,0
57,36.7,145,83,232,0.69,1
64,30.8,182,94,245,0.87,2
24,21.7,119,56,152,0.06,0
71,23.5,124,97,189,0.74,1
87,28.2,151,101,297,0.8,2
77,28.8,123,93,224,0.93,4
72,34.2,159,81,255,0.77,1
38,22.2,127,75,196,0.1,0
33,29.6,139,85,212,0.85,1
78,36.3,160,107,302,0.77,2
65,16.7,145,82,249,0.8,4
73,35.3,156,120,229,0.78,2
36,21.8,128,76,186,0.02,0
30,20.4,119,59,174,0.0,0
20,19.2,123,61,160,0.1,0
53,32.7,126,88,236,0.67,1
73,32.6,158,85,207,0.62,1
78,24.9,138,90,194,0.94,4
73,27.6,164,109,219,0.78,2
41,29.3,138,84,231,0.75,1
36,24.7,129,64,157,0.03,0
51,41.1,129,89,200,0.64,1
67,31.1,172,96,243,0.76,3
25,21.8,108,65,156,0.05,0
70,32.1,141,78,155,0.78,4
50,33.4,141,91,236,0.59,1
59,22.5,157,77,183,0.84,4
73,24.2,120,90,203,1.0,4
23,26.2,124,81,155,0.02,0
65,21.3,143,95,226,0.85,4
52,38.9,156,93,283,1.0,2
38,23.5,106,67,198,0.15,0
82,25.5,157,95,238,0.96,4
63,31.5,182,109,265,0.91,2
57,24.5,143,92,211,0.92,3
59,28.2,142,95,227,0.76,2
38,18.6,103,68,156,0.08,0
28,24.4,119,63,147,0.0,0
52,35.7,147,106,238,0.88,2
29,21.9,105,76,164,0.05,0
61,30.7,173,111,271,0.79,2
39,21.3,104,76,151,0.11,0
52,26.7,165,96,206,0.62,3
68,33.0,160,89,190,0.56,1
53,30.4,164,82,249,0.92,3
23,22.8,107,73,177,0.0,0
62,28.3,146,101,259,0.86,2
21,20.0,104,66,150,0.15,0
80,19.7,154,95,214,0.74,4
60,33.5,138,97,191,0.74,1
33,36.8,132,87,225,0.62,1
57,34.5,171,96,260,0.94,2
67,30.3,153,98,280,0.98,2
58,34.2,139,85,254,0.65,1
50,30.7,140,86,234,0.71,1
63,35.9,151,93,212,0.69,1
25,25.4,112,53,163,0.0,0
55,26.0,180,88,282,0.91,2
71,27.0,137,93,228,0.92,1
34,33.6,129,84,185,0.65,1
83,28.4,122,85,227,0.82,4
51,38.8,137,91,236,0.76,1
54,32.8,148,112,275,0.82,2
70,36.0,150,86,228,0.88,1
65,33.1,120,86,223,0.85,1
79,28.0,154,113,281,0.99,2
57,27.7,164,98,224,0.89,2
25,21.6,114,64,210,0.06,0
76,26.6,183,89,246,0.92,2
53,33.5,120,83,204,0.93,1
63,32.2,161,81,190,0.9,1
47,33.8,144,83,193,0.93,1
59,21.6,105,96,225,0.96,4
27,24.5,95,64,167,0.18,0
54,27.9,145,84,253,0.95,4
83,29.4,158,95,319,0.95,2
60,27.8,142,109,251,0.93,2
20,22.9,120,79,174,0.1,0
50,29.0,171,105,234,0.71,2
64,34.4,151,91,262,0.71,3
68,26.5,148,100,193,0.92,4
67,19.4,151,73,161,0.99,4
62,19.9,142,89,198,0.82,4
43,23.8,119,75,189,0.11,0
33,25.2,94,80,189,0.0,0
33,39.8,136,94,260,0.78,1
32,23.8,119,75,147,0.0,0
84,27.3,159,81,209,0.8,4
63,28.4,138,103,275,0.8,3
36,21.9,127,76,187,0.09,0
64,26.6,175,86,236,0.71,3
45,37.2,138,89,218,0.85,1
57,26.0,148,90,203,0.85,3
67,23.0,141,98,238,0.92,4
74,19.2,118,67,178,0.84,4
55,32.6,161,94,252,0.73,1
35,27.0,155,84,199,0.61,1
37,23.2,99,72,155,0.08,0
30,18.4,122,68,152,0.05,0
71,27.6,159,100,217,0.93,3
69,20.5,118,76,246,0.81,4
21,20.5,105,59,163,0.1,0
52,31.4,158,111,272,0.85,2
37,32.3,126,74,259,0.76,1
64,25.4,144,95,205,0.64,3
62,33.9,135,94,209,0.84,1
66,32.6,138,86,185,0.77,1
39,25.2,105,79,181,0.04,0
80,31.2,150,110,262,0.93,2
64,39.0,156,92,193,0.71,1
18,22.0,104,67,165,0.06,0
62,34.1,179,91,320,0.9,2
29,21.6,120,71,158,0.03,0
59,27.3,107,95,194,0.91,4
54,22.5,158,102,266,0.73,3
60,25.2,156,74,259,0.95,4
61,34.7,155,98,282,0.98,2
67,37.0,127,78,252,0.82,1
43,20.2,110,73,171,0.0,0
69,27.6,130,84,176,0.65,1
26,20.5,117,84,161,0.04,0
85,26.6,141,65,180,0.87,4
45,28.1,164,115,307,0.74,2
18,17.2,118,67,185,0.0,0
65,31.1,165,90,207,0.75,1
31,23.6,103,67,152,0.0,0
63,32.6,136,74,186,0.88,1
65,28.5,185,116,306,0.92,2
39,23.3,106,73,157,0.12,0
70,34.2,129,87,237,0.87,1
44,21.4,123,72,199,0.0,0
58,27.5,132,73,216,0.85,1
67,25.1,167,92,248,0.96,2
79,27.6,181,106,249,0.92,2
80,25.4,149,92,242,0.64,3
68,29.2,140,114,289,0.83,2
76,31.7,159,104,265,0.68,2
83,30.2,166,114,304,0.8,2
23,22.8,113,72,164,0.13,0
70,25.9,137,68,206,0.82,4
81,31.1,178,99,268,0.74,2
68,32.9,130,86,190,0.63,1
41,28.9,126,78,218,0.74,1
39,23.1,119,68,183,0.0,0
44,21.3,100,75,144,0.09,0
32,19.9,95,70,164,0.13,0
66,22.2,168,96,213,0.73,3
35,31.4,148,85,219,0.57,1
60,37.2,171,112,296,0.84,2
22,24.5,115,70,181,0.04,0
51,36.0,153,81,224,0.88,1
89,22.5,142,90,166,1.0,4
70,38.5,129,89,205,0.61,1
43,36.5,139,77,252,0.79,1
73,19.6,114,73,220,0.9,4
52,31.5,159,84,219,0.61,3
65,21.2,173,99,225,0.95,3
67,36.0,153,110,275,0.71,2
24,21.6,110,72,137,0.13,0
46,41.7,141,96,206,0.75,1
52,37.2,140,94,187,0.91,1
77,28.9,151,108,289,0.91,2
50,24.4,127,84,197,0.61,1
55,23.5,169,99,315,0.9,2
81,27.3,123,83,186,0.8,4
60,38.5,120,88,195,0.68,1
54,34.5,165,87,266,0.54,1
38,20.5,114,66,170,0.11,0
53,27.4,139,90,225,0.72,1
20,19.4,101,65,186,0.12,0
83,24.0,182,94,288,0.72,2
48,26.9,140,89,262,0.67,3
38,38.4,131,74,210,0.64,1
78,27.0,163,103,248,0.92,2
60,37.3,134,93,220,0.84,1
49,34.6,136,84,187,0.8,1
75,27.2,154,82,165,0.76,4
67,24.9,152,78,205,1.0,4
69,36.8,153,106,266,0.93,2
28,19.8,108,76,181,0.03,0
38,32.1,157,89,202,0.91,1
48,31.4,133,88,239,0.75,3
63,38.5,172,95,294,0.69,2
78,27.0,178,90,238,0.85,2
30,23.9,130,72,157,0.02,0
60,33.4,165,107,244,0.79,2
36,20.5,113,63,142,0.0,0
49,32.0,140,104,212,0.72,3
78,26.4,115,82,185,0.82,4
46,37.1,130,88,223,0.59,1
48,34.1,148,91,223,0.77,3
81,25.1,144,87,236,0.85,3
65,36.9,129,84,229,0.62,1
62,35.4,150,86,231,0.73,1
61,29.7,130,78,210,0.87,1
55,26.5,158,88,208,0.68,1
83,25.6,127,101,252,0.78,4
83,32.4,178,90,289,1.0,2
77,24.0,122,92,214,0.87,4
87,23.2,123,82,163,0.88,4
71,31.5,139,80,213,0.78,4
53,35.9,163,81,210,0.6,1
63,19.7,122,100,218,0.93,4
69,26.6,178,89,276,0.94,2
65,38.5,110,92,243,0.75,1
71,30.5,141,106,214,0.86,2
88,28.4,150,102,280,0.78,2
74,33.1,170,95,254,0.94,2
77,29.2,158,102,311,0.78,2
27,21.7,117,66,150,0.01,0
75,22.9,162,91,233,0.88,3
23,20.7,116,77,134,0.12,0
81,20.5,121,78,223,1.0,4
37,38.5,112,81,254,0.66,1
33,31.5,142,92,219,0.61,1
18,22.6,110,63,167,0.0,0
76,23.9,115,76,219,0.93,4
58,32.1,121,83,202,0.79,1
39,31.8,156,77,207,0.81,1
51,37.9,131,93,222,0.71,1
42,30.4,145,77,257,0.75,1
71,30.1,150,107,270,1.0,2
18,24.8,102,83,159,0.04,0
56,36.7,150,88,311,0.98,2
35,19.9,133,76,144,0.11,0
71,26.7,164,112,313,0.8,2
42,40.5,129,83,234,0.76,1
27,24.1,109,62,169,0.15,0
69,37.1,137,73,241,0.65,1
66,19.9,114,78,198,0.92,4
90,37.3,133,87,245,0.8,2
65,36.2,124,94,231,0.74,1
62,30.0,150,94,248,0.87,2
30,23.3,116,55,173,0.06,0
74,28.0,178,113,255,0.89,2
54,32.9,157,94,245,0.68,1
65,32.4,143,83,193,0.66,1
65,32.0,138,99,231,0.84,3
40,32.9,146,77,231,0.72,1
56,22.7,177,107,256,0.85,3
44,38.7,152,96,222,0.69,1
80,27.1,140,80,258,0.82,3
67,31.0,170,105,302,0.95,2
57,32.7,150,94,278,0.92,2
68,32.6,124,81,250,0.72,1
74,38.1,130,84,200,0.82,1
51,40.3,137,82,234,0.64,1
72,37.6,181,98,299,1.0,2
70,28.8,160,97,205,0.84,1
82,37.6,180,94,316,0.67,2
56,37.9,154,107,228,1.0,2
78,29.3,130,78,171,0.79,4
73,34.3,150,79,228,0.77,1
72,21.4,143,85,224,0.96,4
38,22.9,119,70,184,0.06,0
55,27.4,142,84,183,0.74,4
45,24.0,159,108,238,0.66,3
26,23.1,102,67,163,0.15,0
54,26.0,147,89,238,0.82,1
56,28.6,181,109,320,0.99,2
35,21.2,130,66,153,0.04,0
71,37.9,128,87,236,0.81,1
59,23.9,120,83,185,0.97,4
84,30.3,158,93,243,0.88,2
60,25.1,146,110,267,0.78,2
22,22.8,113,61,176,0.09,0
67,26.7,124,87,191,0.84,4
51,33.2,160,83,243,0.63,1
75,17.2,137,79,210,0.81,4
26,18.0,116,75,164,0.01,0
43,25.2,150,76,230,0.83,1
54,23.5,139,105,196,0.57,3
54,19.4,147,76,196,0.91,4
35,19.4,112,76,145,0.04,0
58,31.3,142,88,212,0.8,1
37,25.2,120,62,159,0.04,0
71,25.7,132,86,262,0.9,3
43,23.1,98,73,158,0.04,0
68,36.2,153,83,304,0.84,2
49,38.4,143,92,185,0.66,1
32,24.4,119,73,147,0.02,0
74,35.3,170,94,230,0.7,1
69,29.5,155,93,185,0.76,1
80,23.0,178,110,294,0.92,2
51,24.8,148,97,251,0.8,3
76,35.0,127,100,254,0.6,3
38,38.2,127,81,170,0.87,1
26,24.0,111,65,152,0.07,0
65,34.6,148,88,264,0.57,3
64,29.2,140,101,305,0.99,2
35,19.2,110,60,164,0.0,0
35,34.0,135,89,188,0.75,1
55,34.0,171,100,244,0.94,2
38,23.4,113,72,146,0.15,0
79,39.5,157,99,235,0.66,2
58,30.0,159,104,247,0.85,2
62,26.5,173,109,292,0.88,2
24,23.4,110,60,179,0.11,0
64,24.6,157,109,252,0.92,2
18,26.6,111,63,152,0.05,0
70,32.8,163,109,223,0.91,2
67,36.5,130,97,205,0.73,3
62,21.9,174,102,259,1.0,2
70,27.5,161,75,228,0.51,1
22,23.2,111,68,179,0.01,0
84,32.3,174,93,316,0.91,2
55,28.5,132,92,252,0.84,1
60,23.3,189,104,255,0.86,2
54,26.5,111,93,178,0.98,4
42,32.5,129,85,200,0.68,1
67,33.5,128,90,199,0.64,1
41,32.9,132,77,217,0.66,1
74,27.0,147,99,310,0.81,2
32,19.1,95,64,166,0.02,0
62,24.8,115,103,163,0.81,4
57,34.8,144,118,259,0.75,2
61,26.4,142,74,217,0.84,4
54,32.3,132,93,197,0.67,1
74,32.3,165,93,268,0.73,3
71,40.6,144,110,286,0.91,2
51,39.1,139,82,192,0.88,1
66,24.6,141,93,272,0.77,3
78,29.4,172,100,283,1.0,2
61,26.0,149,115,277,0.83,2
66,32.5,172,96,241,0.86,2
88,28.4,133,98,295,0.9,2
81,31.0,178,111,285,0.73,2
60,34.3,122,80,198,0.67,1
71,26.2,131,89,223,0.94,1
53,28.3,176,109,309,0.74,2
37,22.3,124,73,180,0.09,0
76,31.1,159,98,245,0.95,2
62,26.3,138,72,173,0.9,4
23,19.4,127,64,177,0.07,0
49,28.7,149,86,257,0.71,1
51,34.4,171,88,250,0.78,3
62,36.5,143,95,287,0.74,2
82,26.3,156,98,298,0.72,2
18,25.0,105,67,177,0.07,0
69,32.6,148,103,226,0.93,2
43,32.4,138,82,195,0.79,1
32,19.4,98,73,180,0.0,0
37,23.3,122,62,144,0.11,0
34,40.1,154,91,191,0.84,1
70,27.7,151,86,198,0.81,1
49,22.2,167,106,256,0.83,3
74,29.7,134,84,255,0.74,3
64,31.1,165,86,255,0.83,3
83,22.9,144,74,228,0.96,4
42,19.6,119,71,170,0.1,0
62,20.1,142,70,254,0.81,4
58,28.7,128,85,196,0.65,3
47,23.7,106,54,151,0.08,0
73,25.0,133,92,204,0.71,4
63,31.3,175,106,261,0.86,3
66,35.4,132,91,232,0.54,1
24,19.5,98,73,166,0.17,0
77,18.9,132,84,204,0.78,4
58,25.9,159,93,213,0.65,3
75,25.4,144,86,213,0.73,4
35,24.6,114,78,143,0.07,0
30,21.2,128,71,177,0.03,0
70,33.9,140,95,231,0.56,1
61,35.2,168,102,229,0.84,2
32,22.8,112,68,179,0.17,0
81,29.0,161,117,301,0.84,2
41,36.4,138,78,246,0.86,1
71,39.3,154,109,214,0.78,2
60,36.5,145,94,289,0.81,2
63,26.3,135,102,236,0.89,3
54,27.2,151,90,241,0.63,1
73,36.6,153,95,255,0.7,1
42,30.0,119,86,242,0.9,1
81,31.2,166,119,301,0.73,2
84,18.5,126,69,231,0.93,4
50,28.7,170,95,224,0.65,3
70,28.9,154,83,237,0.74,1
63,20.3,117,95,220,0.97,4
66,37.7,123,77,243,0.76,1
54,24.3,160,98,243,0.73,2
43,31.6,145,105,230,0.76,3
46,25.2,124,78,196,0.7,1
42,34.8,142,80,228,0.67,1
81,22.2,164,81,181,0.88,4
83,17.2,126,93,227,0.99,4
76,38.3,154,90,196,0.64,1
69,38.7,129,90,237,0.82,1
44,16.7,120,63,190,0.06,0
68,22.0,115,91,156,0.97,4
38,41.2,146,78,238,0.77,1
26,17.2,122,79,163,0.06,0
72,36.6,175,113,219,0.82,2
64,18.4,114,93,172,0.87,4
78,24.4,131,104,241,0.72,3
25,24.2,109,75,181,0.07,0
81,30.7,153,90,269,0.79,2
66,26.6,158,87,273,0.69,2
49,35.1,117,89,253,0.78,1
84,35.7,149,96,278,0.79,2
32,20.8,97,69,163,0.0,0
67,32.0,138,91,257,0.84,1
35,17.3,114,78,192,0.16,0
57,19.5,125,85,197,0.98,4
21,21.4,110,54,149,0.05,0
22,19.6,117,82,157,0.08,0
74,27.1,154,93,228,0.79,3
84,26.0,152,83,194,0.89,4
75,25.4,129,77,230,0.84,4
76,18.9,149,76,246,1.0,4
23,23.5,114,68,150,0.07,0
56,19.9,131,78,250,0.9,4
65,23.9,157,88,221,0.94,4
74,30.3,172,116,260,0.89,2
64,22.9,165,90,221,0.76,3
58,36.0,136,96,190,0.94,1
30,20.5,125,64,140,0.1,0
64,29.6,188,97,227,0.89,2
70,24.2,173,106,249,0.88,3
64,29.8,128,82,226,0.72,1
18,21.1,117,61,184,0.05,0
37,23.0,114,87,187,0.07,0
77,23.9,154,103,308,0.84,2
65,31.5,170,105,314,0.84,2
73,37.4,142,96,247,0.7,1
67,25.7,167,95,220,0.75,4
49,26.4,163,94,201,0.58,3
20,23.4,117,65,155,0.02,0
45,33.3,143,81,206,0.69,1
54,28.1,134,91,217,0.55,3
26,20.5,112,67,150,0.0,0
72,28.4,151,79,211,0.94,3
42,29.4,141,80,224,0.63,1
63,28.7,142,92,174,0.93,4
58,28.8,118,99,203,0.82,4
18,23.8,99,81,187,0.06,0
44,29.2,124,78,189,0.67,1
37,20.8,115,68,165,0.04,0
31,24.5,114,60,136,0.06,0
32,25.2,109,80,142,0.08,0
34,21.4,91,66,170,0.01,0
54,35.4,159,79,205,0.75,1
74,24.7,177,102,254,0.89,2
55,26.0,166,90,245,0.91,3
74,27.0,151,66,234,0.82,4
49,34.6,140,91,199,0.94,1
57,31.8,155,95,200,0.78,1
53,27.0,153,99,267,0.9,3
66,29.3,142,83,209,0.77,1
64,27.5,122,87,178,0.91,4
50,33.1,134,93,252,0.96,1
75,27.4,121,88,184,0.74,4
53,39.9,134,100,184,0.76,1
28,22.4,102,75,163,0.05,0
54,23.4,160,107,245,0.76,3
49,37.1,157,78,253,0.76,1
68,22.2,136,84,235,0.8,4
22,21.2,119,60,139,0.06,0
60,39.2,148,84,221,0.74,1
48,30.6,154,78,208,0.82,1
54,31.3,156,97,269,0.91,2
39,20.9,121,79,161,0.03,0
41,19.1,108,78,144,0.19,0
52,27.2,165,102,208,0.6,3
85,23.8,155,69,164,0.83,4
45,20.8,115,61,172,0.0,0
67,39.0,153,98,263,1.0,2
57,30.2,171,92,232,0.87,2
24,25.0,111,62,168,0.03,0
66,36.8,158,90,240,0.85,1
26,23.2,125,77,188,0.06,0
56,30.3,177,117,267,0.84,2
54,35.2,141,88,262,0.7,1
39,24.7,114,76,143,0.08,0
28,23.7,122,62,148,0.09,0
60,33.5,162,109,220,0.94,3
35,26.5,120,69,159,0.0,0
46,25.8,151,96,263,0.61,3
63,21.1,128,87,230,0.85,4
62,26.5,156,89,323,0.81,2
30,19.2,107,69,185,0.0,0
62,19.0,131,80,237,0.79,4
77,35.2,144,85,220,0.8,3
61,21.9,136,101,266,0.67,3
55,39.8,175,91,304,0.62,2
53,34.4,161,111,300,0.65,2
18,26.0,114,59,162,0.05,0
48,28.6,148,67,228,0.93,4
47,32.3,152,82,228,0.8,1
45,29.4,126,80,249,0.63,1
74,25.8,147,118,286,1.0,2
18,23.2,111,70,179,0.06,0
47,31.6,144,86,201,0.78,1
42,30.1,150,86,178,0.88,1
72,31.5,171,99,262,0.66,3
66,20.6,129,90,215,0.91,4
48,26.2,167,89,221,0.57,3
39,31.2,153,77,268,0.66,1
18,23.6,120,82,145,0.0,0
57,28.8,168,89,251,0.93,3
85,30.2,154,84,243,0.79,4
73,29.1,150,76,238,0.56,1
65,29.6,165,99,307,0.9,2
50,29.0,146,88,215,0.68,1
54,32.1,142,107,268,0.6,3
59,27.5,126,81,229,1.0,4
40,35.5,134,94,218,0.79,1
22,23.7,118,65,155,0.07,0
58,34.4,180,110,301,0.75,2
75,28.8,131,86,209,0.99,4
61,38.7,139,94,177,0.64,1
66,32.1,155,83,254,0.97,4
41,36.0,135,89,248,0.81,1
61,33.0,158,110,260,0.93,2
59,31.9,175,102,247,0.77,3
29,23.2,105,67,178,0.09,0
55,34.1,138,82,208,0.75,1
40,35.3,151,90,263,0.78,1
55,23.9,141,91,235,0.64,3
68,38.8,143,93,199,0.65,1
59,20.5,129,90,188,0.88,4
66,27.3,139,95,264,0.78,3
53,24.7,167,79,330,1.0,2
57,26.4,149,83,194,0.51,1
59,34.4,178,92,304,0.83,2
25,23.4,119,60,168,0.14,0
67,30.9,175,92,239,0.88,3
32,18.1,120,88,183,0.0,0
48,36.0,144,74,227,0.86,1
67,22.6,170,100,229,0.72,3
41,34.2,148,90,195,0.78,1
25,16.8,122,66,145,0.01,0
75,38.2,162,80,255,0.69,1
65,29.2,176,97,231,0.96,2
52,29.2,155,87,243,0.81,3
33,23.2,118,62,134,0.0,0
54,18.5,153,90,226,0.97,4
18,22.2,107,72,186,0.0,0
34,37.7,140,87,190,0.69,1
24,24.8,107,81,155,0.02,0
20,23.1,115,67,176,0.02,0
51,35.9,150,79,206,0.76,1
69,28.6,165,99,239,0.64,3
55,24.7,185,97,286,0.88,2
65,27.0,139,85,278,1.0,3
46,29.7,147,71,232,0.82,1
60,28.5,150,82,237,0.71,1
24,18.8,110,62,153,0.0,0
65,26.8,166,99,223,0.98,2
46,22.7,115,57,145,0.03,0
76,38.2,142,93,290,0.8,2
69,26.3,144,89,210,0.87,3
36,22.4,111,60,156,0.0,0
66,28.6,148,90,306,0.93,2
18,18.8,110,59,188,0.03,0
67,30.0,143,106,269,0.8,3
62,27.9,161,88,278,0.72,3
62,25.3,171,92,244,0.82,3
20,19.0,118,73,155,0.0,0
30,26.1,118,67,173,0.01,0
77,23.2,128,90,245,0.67,3
36,23.1,100,74,141,0.12,0
63,22.9,119,89,189,0.93,4
57,30.9,173,89,254,0.85,2
68,29.4,138,88,236,0.74,1
55,34.5,147,96,324,0.77,2
32,25.2,108,86,176,0.04,0
45,30.1,165,99,189,0.76,3
57,17.4,130,80,210,0.92,4
78,37.6,159,93,320,0.7,2
58,19.0,119,87,222,0.85,4
72,28.3,162,88,256,0.74,2
59,20.4,151,91,263,0.93,4
64,28.7,158,115,293,0.96,2
53,32.6,140,90,244,0.82,3
64,33.4,126,87,250,0.63,1
37,29.3,156,85,180,0.69,1
37,41.8,149,75,181,0.68,1
18,17.5,123,70,143,0.0,0
62,23.4,173,80,222,0.63,3
21,25.7,115,69,181,0.05,0
73,33.6,142,89,246,0.76,2
27,21.4,93,78,185,0.1,0
38,25.3,116,59,178,0.0,0
18,21.0,102,67,173,0.08,0
78,25.0,175,89,297,0.93,2
61,35.5,135,81,228,0.65,1
68,26.8,136,71,197,0.76,4
60,35.5,138,92,224,0.94,1
51,25.7,163,91,235,0.8,3
28,20.2,121,72,121,0.08,0
42,31.9,161,88,300,0.73,3
50,29.0,147,80,212,0.76,1
60,28.3,155,105,204,0.67,3
25,24.1,117,82,168,0.02,0
66,34.9,133,86,206,0.58,1
61,25.5,161,97,212,0.7,3
81,32.1,146,99,318,0.97,2
19,22.0,110,67,172,0.04,0
47,38.9,137,97,200,0.69,1
45,24.6,110,73,171,0.05,0
77,22.0,123,81,222,0.83,4
80,31.6,160,83,218,0.67,3
30,19.0,93,66,174,0.04,0
37,24.2,117,65,150,0.04,0
44,21.5,121,68,164,0.14,0
79,20.5,119,79,147,0.97,4
69,28.4,151,99,223,0.67,1
40,24.8,103,61,173,0.0,0
18,21.4,99,81,162,0.1,0
78,25.8,135,105,235,1.0,3
65,19.8,145,97,238,0.72,3
82,21.9,173,99,283,0.93,2
72,23.0,108,91,206,0.89,4
67,30.4,159,97,234,0.89,3
43,29.8,135,77,252,0.77,1
62,26.0,156,83,273,0.66,3
55,36.4,128,91,218,0.63,1
22,20.2,117,70,143,0.03,0
49,39.1,162,90,223,0.67,2
70,24.2,153,95,194,0.59,3
31,21.5,114,71,134,0.08,0
60,29.0,134,109,274,0.84,2
70,27.2,185,101,288,1.0,2
80,17.9,148,82,167,0.79,4
75,36.6,153,92,201,0.75,1
27,20.1,102,68,180,0.15,0
65,37.5,173,94,252,0.61,2
47,38.0,138,91,226,0.8,1
72,21.5,151,82,198,0.93,4
77,38.0,174,95,254,0.94,2
47,29.3,122,86,221,0.69,1
60,20.2,106,74,220,0.98,4
70,32.3,140,95,233,0.86,1
87,17.5,128,71,223,0.84,4
61,33.2,127,86,248,0.71,1
23,23.3,99,80,168,0.06,0
18,24.1,119,79,171,0.14,0
41,36.6,159,89,215,0.91,1
36,19.2,118,72,168,0.18,0
67,31.7,159,97,223,0.62,3
64,30.1,113,89,179,0.97,4
18,23.9,112,76,159,0.14,0
41,24.2,116,69,170,0.0,0
74,23.5,161,87,228,0.79,3
40,20.3,110,71,158,0.06,0
41,25.6,95,74,146,0.0,0
62,19.8,148,101,227,0.83,4
28,23.7,119,60,150,0.17,0
75,29.7,147,84,184,0.87,1
60,38.4,159,78,233,0.72,1
56,35.6,150,93,268,0.72,2
54,25.5,152,83,274,0.76,1
63,29.9,168,109,280,0.81,2
58,38.2,156,102,268,0.73,2
56,30.7,138,83,215,0.75,3
35,25.9,128,64,165,0.02,0
61,29.7,148,87,187,0.75,1
58,32.8,154,103,274,0.79,2
76,31.9,163,111,292,0.71,2
23,19.9,97,74,159,0.07,0
74,25.7,130,93,249,0.8,4
84,22.1,120,86,196,0.92,4
32,18.5,114,65,183,0.02,0
69,33.5,161,84,190,0.8,1
81,38.6,142,104,310,0.88,2
67,18.3,110,70,182,0.98,4
54,23.0,144,100,242,0.88,3
24,20.7,119,61,200,0.05,0
59,39.5,157,106,252,1.0,2
48,26.3,137,96,255,0.75,3
53,33.7,160,92,232,0.82,3
37,22.0,106,76,173,0.11,0
56,24.5,125,82,189,0.88,1
42,19.4,115,77,153,0.14,0
71,27.1,152,96,286,0.76,2
53,25.9,135,92,270,1.0,2
50,32.3,125,92,219,0.69,1
18,22.4,115,68,140,0.0,0
53,21.0,137,88,279,0.83,3
62,17.4,156,85,165,0.77,4
81,29.2,142,108,207,0.72,3
60,29.6,141,85,202,0.67,3
42,37.6,142,84,196,0.73,1
71,32.5,157,91,247,0.73,3
65,24.2,130,91,263,0.72,3
71,29.6,144,92,229,0.87,1
72,23.9,121,87,210,0.9,4
40,19.7,116,81,136,0.04,0
61,34.3,170,103,205,0.74,3
79,23.5,148,81,223,1.0,4
29,21.6,105,70,213,0.08,0
41,21.6,122,80,169,0.07,0
60,35.3,154,101,259,0.96,2
22,21.5,118,64,163,0.03,0
41,21.3,130,81,189,0.0,0
38,22.2,117,71,182,0.0,0
69,19.1,153,85,207,0.78,4
57,27.9,176,94,263,0.83,2
67,25.5,134,76,231,0.84,4
69,36.9,156,79,239,0.76,1
21,18.4,100,76,184,0.02,0
33,21.6,101,58,162,0.05,0
34,18.5,113,73,173,0.03,0
69,33.5,155,97,253,0.8,3
36,23.1,111,70,186,0.0,0
41,35.4,139,82,167,0.77,1
74,18.5,136,79,173,0.87,4
55,31.2,144,87,232,0.67,1
53,32.5,120,90,181,0.73,1
68,21.4,137,92,183,0.93,4
35,24.8,103,59,175,0.0,0
27,23.8,108,60,123,0.09,0
24,16.6,125,62,207,0.09,0
64,29.9,153,91,235,0.99,4
53,30.3,141,95,211,0.68,1
26,22.9,113,58,175,0.01,0
34,19.1,113,78,182,0.08,0
67,21.1,113,92,216,0.78,4
55,24.4,136,93,219,0.55,3
67,25.9,159,97,255,0.96,2
45,30.8,133,91,263,0.85,1
37,29.0,135,87,244,0.69,1
72,31.1,155,89,293,0.77,3
76,22.6,152,86,191,0.85,4
65,27.9,126,90,198,0.84,1
68,36.7,130,81,225,0.7,1
42,22.5,103,77,154,0.01,0
30,26.0,97,69,186,0.14,0
61,22.1,156,95,273,0.9,3
35,31.7,152,80,176,0.81,1
65,31.9,169,100,269,0.87,2
66,38.7,139,93,200,0.68,1
59,31.8,143,97,267,0.76,3
76,30.8,127,96,205,0.78,4
61,26.6,155,79,195,0.8,4
80,16.3,133,81,177,0.68,4
77,29.2,170,115,326,0.76,2
52,35.5,132,104,319,0.8,2
35,23.3,119,71,152,0.0,0
59,31.3,148,99,250,0.86,3
64,30.1,126,83,223,0.94,4
23,22.2,107,72,151,0.09,0
58,38.6,153,83,254,0.75,1
19,21.5,112,63,144,0.06,0
61,25.5,160,106,254,0.89,3
70,28.9,111,82,163,1.0,4
62,36.8,166,105,277,0.86,2
39,38.3,163,96,227,0.66,1
35,18.8,114,67,166,0.04,0
68,37.8,144,90,244,0.6,3
66,37.7,158,81,192,0.64,1
73,35.9,158,112,260,0.74,2
81,22.6,136,71,240,0.76,4
34,29.5,135,91,252,0.77,1
40,38.7,159,79,211,0.87,1
71,29.9,130,83,177,0.78,4
64,28.2,146,105,227,0.8,3
62,15.0,142,69,223,0.79,4
68,26.8,146,110,245,0.81,2
72,34.6,131,101,233,0.61,3
18,19.4,112,52,172,0.0,0
56,20.6,128,89,199,0.95,4
75,31.1,146,105,301,0.84,2
49,31.6,135,89,280,0.75,3
18,17.5,120,69,156,0.13,0
67,27.8,152,104,259,0.79,2
63,31.0,123,92,204,0.81,1
18,21.6,112,75,188,0.05,0
18,22.3,117,68,134,0.15,0
48,27.1,139,89,229,0.69,1
64,29.7,165,96,240,0.62,1
41,25.2,155,96,233,0.71,3
71,29.5,170,93,203,0.8,3
75,36.2,165,86,187,0.89,1
64,23.7,168,92,306,0.79,3
60,22.8,117,93,181,0.81,4
62,32.1,144,75,207,0.85,1
29,25.6,109,64,162,0.1,0
54,25.9,177,112,296,0.9,2
33,21.6,107,60,157,0.01,0
62,25.8,147,78,178,0.87,4
31,22.7,90,56,178,0.17,0
58,27.6,166,84,266,0.7,3
76,28.4,149,99,256,1.0,3
56,32.9,152,90,174,0.74,1
56,28.6,153,85,302,0.82,2
58,23.2,131,97,179,0.94,4
57,28.6,151,87,206,0.77,3
70,28.7,154,111,296,0.85,2
78,25.8,134,73,191,0.81,4
31,22.5,125,82,160,0.05,0
25,19.3,118,79,152,0.0,0
52,22.1,165,102,223,0.69,3
29,19.6,102,67,199,0.08,0
78,29.2,168,99,278,0.82,2
39,21.8,116,76,172,0.06,0
70,31.7,144,102,265,0.72,2
21,20.6,127,77,152,0.04,0
72,29.8,143,101,256,0.84,3
72,26.5,130,77,218,0.76,1
76,25.9,161,94,276,0.91,3
72,28.3,160,101,245,0.96,2
25,23.1,116,75,158,0.0,0
69,25.7,162,84,290,0.78,3
38,26.0,115,73,184,0.0,0
59,35.1,193,108,246,0.71,2
70,31.0,155,108,231,0.78,3
60,32.0,150,88,260,0.77,1
32,23.7,112,79,151,0.07,0
77,19.9,148,100,192,0.99,4
56,23.3,157,91,198,1.0,4
44,34.7,127,88,222,0.69,1
67,30.5,157,86,190,0.72,1
43,36.1,150,90,197,0.65,1
78,33.3,160,98,300,0.63,2
83,27.1,152,73,170,0.93,4
58,29.3,138,93,227,0.88,3
74,32.2,135,82,175,0.75,1
64,37.3,148,84,203,0.54,1
48,38.6,154,92,208,0.69,1
46,28.9,147,90,214,0.91,3
45,23.0,147,90,256,0.99,3
65,29.2,131,85,249,0.72,1
65,24.9,135,66,227,0.91,4
35,20.6,115,61,155,0.0,0
54,36.2,157,106,259,1.0,2
34,16.2,105,65,153,0.0,0
31,22.2,112,57,167,0.08,0
19,24.0,116,74,180,0.11,0
61,28.1,134,92,246,0.75,4
53,19.2,163,93,233,0.83,4
85,33.3,148,103,232,0.81,2
81,22.1,105,79,204,1.0,4
21,21.4,110,74,165,0.1,0
27,22.6,98,66,173,0.16,0
70,29.7,131,88,242,0.59,1
67,25.5,176,110,242,1.0,2
74,34.5,137,108,241,0.8,2
42,22.4,107,65,148,0.09,0
33,24.6,105,79,159,0.16,0
34,18.1,117,74,156,0.02,0
47,28.0,114,98,180,0.76,1
85,24.3,131,79,182,0.97,4
48,26.9,129,88,238,0.77,3
68,25.6,146,92,218,0.92,3
69,28.2,156,90,285,0.71,2
50,27.5,132,98,247,0.62,3
63,36.0,151,83,222,0.58,1
38,20.2,121,57,157,0.16,0
59,28.5,146,91,274,0.8,3
66,35.2,158,96,315,0.99,2
66,34.2,152,84,234,0.58,1
65,22.7,160,90,246,0.75,3
57,27.5,137,83,189,0.93,4
55,33.8,142,104,271,0.79,2
39,18.7,110,74,133,0.13,0
18,19.3,123,75,136,0.05,0
66,32.3,160,93,221,0.87,1
38,26.2,110,71,156,0.08,0
18,25.2,104,71,155,0.16,0
68,32.0,129,74,202,0.94,1
48,30.0,125,82,216,0.73,1
54,28.3,166,95,291,0.69,3
65,23.3,155,108,256,0.59,3
60,26.0,139,83,248,0.79,1
81,23.6,146,86,240,0.79,4
31,20.4,106,73,180,0.1,0
34,23.2,118,61,157,0.0,0
78,34.3,154,110,273,0.73,2
68,30.7,154,88,244,0.87,2
65,15.5,126,82,198,0.72,4
68,32.3,171,94,243,0.9,3
78,35.8,143,93,234,0.71,2
19,22.0,118,68,192,0.0,0
73,34.3,148,85,192,0.69,1
77,36.7,141,93,278,0.81,2
25,21.9,101,60,175,0.11,0
51,28.4,125,73,251,0.86,4
66,29.2,124,86,210,0.73,1
67,25.5,154,99,259,0.92,3
69,25.5,135,107,248,0.79,3
61,28.7,146,91,306,0.78,2
71,38.3,164,98,235,0.8,2
22,26.1,131,55,127,0.07,0
78,29.9,147,110,230,0.85,2
42,20.3,119,66,135,0.03,0
36,19.2,104,70,182,0.12,0
43,24.2,100,74,160,0.14,0
65,41.0,145,78,208,0.78,1
81,35.2,150,93,265,0.67,2
54,35.0,148,88,245,0.79,2
55,30.0,155,102,310,0.75,2
63,33.4,148,82,220,0.82,3
25,25.7,122,79,150,0.01,0
41,23.3,106,68,162,0.0,0
63,29.9,159,96,280,0.84,2
60,23.1,137,79,202,0.71,4
55,25.1,178,95,252,1.0,2
42,36.5,148,86,193,0.86,1
47,26.2,147,114,317,0.99,2
39,26.6,122,81,211,0.72,1
63,28.3,124,100,179,0.88,1
59,26.2,156,98,251,0.61,1
61,27.4,177,119,274,0.74,2
80,18.5,155,70,205,0.96,4
70,29.2,161,106,308,0.8,2
57,32.6,167,98,238,1.0,2
66,23.5,132,95,209,0.69,3
46,34.1,134,87,248,0.79,1
61,24.0,115,85,165,0.86,4
61,18.1,129,77,236,0.84,4
71,35.4,156,91,207,0.67,1
27,21.4,112,57,152,0.05,0
60,33.1,136,95,206,0.59,1
22,23.1,114,73,135,0.2,0
18,22.0,125,67,149,0.0,0
49,29.5,182,105,249,0.71,2
54,36.6,149,81,188,0.77,1
38,30.0,131,88,190,0.86,1
58,27.8,156,101,227,0.73,3
42,22.5,101,58,139,0.13,0
30,19.6,107,73,149,0.02,0
42,21.1,99,80,170,0.09,0
61,27.6,142,109,245,0.93,2
57,33.3,149,101,258,0.81,3
76,23.4,150,86,268,0.87,3
68,24.6,138,91,213,0.63,3
52,37.0,138,80,196,0.74,1
74,22.3,124,67,232,0.86,4
44,20.4,127,82,196,0.03,0
41,19.5,108,78,121,0.0,0
42,33.7,138,78,192,0.87,1
21,23.8,110,65,151,0.08,0
68,28.7,162,87,232,0.62,1
57,27.6,147,98,225,0.82,3
40,25.9,105,81,183,0.0,0
64,23.7,168,86,247,0.66,3
63,28.1,177,86,285,0.92,3
26,19.3,123,70,172,0.0,0
40,30.8,124,89,249,0.77,1
67,15.8,137,66,244,0.81,4
58,24.9,109,94,240,0.97,4
52,23.3,150,103,252,0.98,3
67,33.4,149,82,249,0.8,1
79,27.1,172,82,228,0.88,3
41,38.6,121,78,234,0.71,1
53,36.4,155,85,241,0.72,1
20,19.0,102,56,162,0.04,0
48,28.3,138,76,214,0.68,1
53,33.5,168,108,288,0.8,2
81,25.1,142,104,241,0.82,2
79,23.0,144,80,253,0.96,4
55,41.0,150,76,247,0.89,1
64,20.2,118,85,172,0.85,4
56,29.3,119,90,213,0.84,4
44,32.4,132,88,251,0.74,1
52,25.7,171,109,246,0.82,3
59,34.9,119,88,225,0.55,1
25,21.0,120,60,140,0.11,0
42,22.3,99,76,183,0.0,0
40,17.9,113,74,203,0.0,0
50,36.7,158,116,283,0.94,2
79,27.5,150,92,239,0.83,4
45,33.4,167,82,185,0.67,1
78,36.3,139,102,293,0.79,2
52,27.1,160,86,213,0.78,1
42,36.5,138,91,229,0.74,1
46,33.3,130,77,224,0.79,1
18,26.1,117,71,179,0.07,0
45,32.1,123,93,206,0.92,1
40,20.0,101,61,159,0.1,0
58,32.4,184,92,206,0.73,3
62,39.5,125,93,183,0.69,1
61,37.4,158,95,286,0.77,2
25,23.0,100,74,166,0.06,0
69,34.7,168,96,277,0.94,2
64,20.6,129,91,239,0.76,4
53,32.9,164,98,267,0.94,2
56,28.1,152,87,204,0.72,3
34,17.5,108,80,150,0.02,0
53,28.3,124,100,246,0.84,1
42,22.8,114,69,173,0.1,0
72,25.4,172,97,296,0.92,2
51,29.2,143,95,281,0.85,2
42,18.5,126,72,186,0.04,0
70,38.3,131,91,252,0.86,1
51,33.1,131,95,238,0.61,1
34,28.3,132,86,249,0.67,1
57,26.5,127,65,216,0.69,4
45,22.3,95,72,165,0.0,0
68,36.1,161,88,223,0.8,1
55,26.6,127,91,250,0.89,3
68,21.2,119,86,207,0.84,4
77,33.6,179,101,278,0.74,3
72,27.7,151,115,276,0.76,2
28,24.2,126,69,150,0.04,0
71,21.8,134,76,219,0.9,4
49,35.2,170,89,258,0.96,2
42,22.7,97,68,147,0.09,0
70,21.9,117,87,170,0.87,4
68,16.7,144,86,255,0.84,4
70,29.4,143,101,204,0.66,3
68,23.1,126,79,227,0.96,4
34,22.6,98,62,136,0.08,0
48,30.4,144,91,197,0.9,1
64,39.9,150,94,304,0.69,2
81,28.7,149,110,263,0.88,2
61,36.8,125,89,208,0.74,1
68,30.1,175,100,285,0.74,2
63,29.0,146,86,243,0.66,3
62,29.3,169,83,239,0.76,3
75,30.7,143,96,164,0.72,4
81,16.2,150,88,215,0.92,4
40,21.1,116,64,158,0.04,0
78,34.3,175,107,264,0.87,2
36,21.5,92,74,154,0.11,0
26,18.5,107,71,146,0.06,0
23,24.4,102,78,197,0.03,0
50,30.8,132,87,223,0.63,4
36,33.3,136,97,200,0.7,1
28,19.6,121,56,183,0.03,0
20,24.4,115,60,146,0.09,0
22,22.3,101,78,189,0.0,0
50,35.1,187,99,307,0.85,2
46,31.1,134,94,203,0.65,1
52,30.5,151,89,234,0.76,1
41,20.0,115,65,174,0.05,0
81,37.4,173,90,264,0.9,2
58,31.4,143,95,227,0.65,1
72,17.0,135,95,236,0.85,4
57,24.7,148,71,234,1.0,4
37,23.4,106,71,157,0.03,0
37,33.8,127,74,197,0.72,1
67,27.5,112,98,215,0.81,4
60,28.4,163,88,244,0.66,2
57,30.6,188,95,242,0.87,2
64,35.3,140,84,192,0.79,1
73,28.9,133,106,284,0.71,2
32,38.9,138,91,221,0.76,1
75,36.5,135,94,181,0.84,1
49,19.3,127,93,240,0.67,3
71,24.9,149,75,217,0.84,1
48,32.4,146,94,244,0.66,1
64,35.1,156,110,295,0.91,2
38,18.9,98,76,168,0.09,0
44,18.7,106,69,145,0.02,0
81,30.3,168,100,249,0.85,3
46,28.7,134,87,226,0.68,1
70,29.8,124,93,199,0.88,4
74,23.8,152,77,213,0.95,4
79,29.3,133,94,233,1.0,4
66,23.7,139,99,260,0.81,3
71,35.9,174,93,277,0.94,2
48,29.0,151,104,250,0.6,3
31,25.1,113,82,139,0.0,0
65,34.8,130,89,176,0.68,1
53,24.1,118,84,200,0.79,4
19,21.8,118,70,155,0.1,0
74,27.4,170,84,253,0.85,3
73,26.8,149,93,252,0.84,3
57,18.3,118,79,215,1.0,4
73,25.9,141,104,257,0.79,3
55,25.4,166,106,252,0.98,3
47,28.5,150,83,260,0.9,1
36,29.7,130,87,243,0.93,1
40,23.1,121,70,154,0.04,0
79,23.6,163,94,258,0.9,2
74,29.3,144,88,213,0.96,3
67,20.7,155,78,190,0.69,4
48,31.5,121,89,184,0.76,1
58,34.0,165,91,277,0.69,2
50,30.3,137,93,220,0.88,2
73,25.7,176,83,214,0.87,3
54,28.1,152,76,191,0.61,1
63,20.1,111,78,220,0.95,4
19,16.1,118,78,169,0.02,0
70,35.9,146,90,292,0.63,3
76,37.9,148,81,274,0.62,1
75,24.7,178,109,300,0.95,2
71,28.9,168,93,265,0.62,2
66,34.7,121,82,224,0.67,1
38,22.6,115,57,148,0.03,0
60,26.5,134,85,262,0.65,3
53,32.8,159,103,307,0.69,2
30,19.3,103,58,169,0.16,0
82,23.0,143,95,169,0.85,4
59,32.3,181,86,280,1.0,2
33,22.6,105,71,215,0.09,0
51,21.6,174,92,213,0.95,3
35,31.7,159,95,261,0.74,1
41,30.9,146,91,247,0.76,1
76,38.4,148,89,273,0.78,2
63,34.5,163,84,275,0.97,2
45,30.7,122,84,242,0.92,1
40,33.7,116,76,252,0.69,1
27,20.8,110,80,159,0.02,0
80,30.2,146,92,176,0.79,4
59,21.9,156,70,235,0.79,4
33,29.7,158,80,229,0.75,1
83,37.8,174,110,246,0.85,2
72,25.5,152,110,315,0.87,2
61,25.4,132,100,235,0.65,3
53,34.7,154,98,229,0.84,2
64,22.7,116,73,254,1.0,4
59,35.6,138,88,206,0.8,1
49,27.2,157,89,190,0.84,3
45,34.8,156,93,227,0.89,1
57,24.0,139,96,180,0.89,4
69,21.6,110,83,238,0.91,4
37,33.4,153,75,220,0.68,1
74,22.7,153,65,165,0.92,4
44,21.3,97,69,142,0.0,0
58,31.5,152,88,190,0.76,1
69,32.0,159,101,251,0.82,2
24,18.2,119,63,184,0.0,0
63,31.5,163,102,271,0.85,2
79,22.5,146,92,235,0.88,3
72,37.5,185,91,253,0.86,2
46,26.5,103,71,169,0.09,0
30,20.0,113,60,142,0.0,0
49,25.4,181,94,302,0.92,2
58,31.8,162,83,208,0.78,3
38,28.5,114,65,153,0.01,0
46,33.4,142,94,231,0.84,1
49,31.9,155,106,247,0.82,2
61,30.2,163,87,258,0.91,1
56,25.5,149,88,250,0.92,3
70,24.2,145,72,235,0.87,4
56,31.4,143,107,264,0.99,2
33,17.1,123,66,129,0.02,0
32,22.9,113,64,152,0.07,0
39,35.6,144,84,234,0.8,1
42,20.8,112,66,186,0.0,0
54,25.0,143,87,218,0.97,4
81,31.9,138,97,258,0.83,2
23,17.8,106,61,182,0.07,0
77,34.6,149,105,277,1.0,2
63,34.5,172,92,288,0.81,2
30,22.0,113,62,135,0.08,0
63,30.1,168,107,273,0.79,2
20,23.7,97,81,159,0.05,0
69,37.5,139,75,229,0.88,1
34,24.6,105,74,146,0.08,0
66,18.4,134,85,230,0.82,4
66,24.2,148,85,223,0.93,4
20,22.2,107,66,154,0.03,0
84,21.4,122,69,177,0.99,4
49,38.2,120,79,256,0.62,1
48,31.5,183,100,330,0.97,2
46,37.9,145,86,234,0.8,1
55,31.7,147,114,295,0.75,2
80,23.4,149,97,232,0.9,4
43,40.8,130,97,235,0.76,1
61,21.3,141,82,198,0.97,3
88,20.3,128,77,237,0.68,4
77,18.2,123,86,221,0.85,4
28,21.8,112,77,165,0.09,0
82,21.3,124,90,219,0.88,4
74,28.7,122,77,249,0.94,1
49,38.1,154,91,188,0.79,1
33,41.8,156,93,236,0.88,1
45,34.6,127,83,230,0.72,1
69,21.4,139,74,233,0.84,4
74,24.1,163,80,185,0.65,3
31,25.1,119,75,164,0.02,0
47,31.1,145,77,236,0.77,1
49,30.3,158,91,259,0.87,3
36,40.8,121,77,217,0.74,1
26,21.8,113,71,167,0.0,0
25,21.6,125,72,142,0.1,0
66,31.5,124,94,258,0.71,1
77,25.5,129,99,180,0.84,4
65,36.6,119,85,217,0.65,1
77,33.7,176,106,249,0.76,2
68,31.6,182,112,247,0.75,2
30,21.3,131,60,139,0.1,0
50,31.2,135,91,218,0.99,3
75,38.4,171,99,266,0.7,2
75,21.1,133,88,158,0.78,4
24,24.1,118,70,195,0.05,0
48,26.0,145,82,226,0.76,3
54,24.9,145,99,236,0.76,3
85,28.1,165,92,272,0.89,2
59,25.0,124,96,168,1.0,4
57,38.1,135,88,201,0.9,1
52,36.7,165,97,256,1.0,2
53,31.0,153,84,247,0.73,1
79,29.9,154,92,202,0.86,4
63,18.8,133,97,170,0.81,4
50,21.5,100,70,149,0.11,0
61,32.9,150,77,252,0.85,1
67,26.9,158,83,205,0.92,4
61,24.4,116,88,238,0.87,4
75,32.8,180,104,245,0.87,2
56,29.5,175,92,319,0.9,2
40,20.5,103,67,177,0.0,0
57,24.1,178,98,264,0.84,2
49,32.6,129,84,203,0.86,1
39,31.8,156,88,213,0.73,1
58,28.9,115,73,169,0.95,4
31,21.8,93,76,198,0.0,0
72,27.8,155,100,256,0.92,2
24,22.8,108,62,153,0.01,0
57,27.4,124,79,223,0.96,4
26,20.7,103,75,145,0.02,0
22,20.5,109,74,181,0.03,0
57,30.1,169,87,257,0.66,2
44,22.0,95,64,150,0.09,0
41,24.1,108,64,166,0.0,0
33,22.5,124,72,165,0.0,0
48,31.2,147,90,233,0.71,1
55,36.3,121,86,205,0.77,1
28,20.7,105,88,143,0.06,0
73,27.3,133,74,209,0.72,4
34,24.5,117,66,186,0.01,0
69,28.2,140,83,190,0.68,1
75,21.9,114,78,202,0.91,4
44,30.3,144,89,232,0.8,1
76,24.7,132,95,265,0.92,4
43,22.4,108,69,194,0.0,0
63,27.5,169,99,239,0.64,3
58,27.6,172,93,296,0.9,2
65,19.9,144,73,165,0.99,4
72,27.2,144,97,266,0.8,3
63,23.4,134,81,278,0.72,3
72,29.3,131,90,216,0.72,1
39,21.3,109,61,161,0.03,0
82,25.4,136,91,176,0.83,4
31,21.1,117,62,150,0.1,0
22,24.8,105,71,175,0.05,0
65,31.8,151,89,241,0.83,1
65,28.9,162,95,325,0.92,2
30,20.1,100,77,133,0.12,0
67,29.7,118,78,212,0.6,1
73,24.5,170,80,241,0.79,3
61,27.8,158,95,213,0.86,3
21,19.2,117,77,156,0.11,0
57,39.7,143,94,234,0.72,1
46,32.4,150,101,248,0.88,2
41,20.1,102,69,176,0.12,0
80,31.1,140,111,235,0.72,2
66,34.6,135,80,212,0.72,1
31,22.6,102,65,148,0.05,0
25,20.7,113,65,121,0.0,0
65,32.3,148,82,208,0.68,1
86,18.8,119,81,214,1.0,4
67,26.8,120,76,182,0.93,4
50,39.8,137,92,233,0.89,1
59,27.0,175,109,300,0.8,2
18,21.4,107,74,187,0.11,0
58,25.8,153,97,293,0.89,3
23,23.8,106,66,172,0.15,0
39,38.0,136,87,234,0.63,1
20,22.1,115,75,168,0.02,0
49,34.0,131,80,250,0.57,1
70,38.6,156,96,265,0.84,1
23,21.6,104,80,179,0.09,0
35,21.5,109,62,156,0.04,0
18,23.6,107,67,190,0.07,0
41,22.0,125,72,178,0.16,0
83,32.1,126,103,234,0.83,3
33,21.3,114,71,160,0.14,0
66,36.6,162,83,188,0.6,1
64,32.7,153,92,199,0.57,1
50,26.2,167,95,225,0.89,3
69,25.6,160,100,232,0.68,3
30,22.6,120,64,170,0.06,0
57,30.6,151,91,229,0.81,2
41,37.8,126,78,233,0.84,1
43,16.8,126,77,203,0.0,0
80,17.8,150,82,243,0.96,4
66,30.6,152,94,227,0.85,1
63,22.5,135,104,212,0.6,3
65,33.9,142,105,254,0.8,2
41,25.8,119,52,146,0.0,0
38,34.1,149,90,175,0.61,1
45,26.2,132,95,218,0.73,1
73,22.2,183,103,308,1.0,2
46,25.2,130,100,208,0.98,3
71,30.6,147,91,198,0.57,1
56,31.3,141,100,293,0.87,2
52,35.9,177,108,257,0.8,2
42,19.6,119,74,156,0.09,0
54,23.1,136,105,235,0.78,3
62,33.6,130,74,196,0.66,1
33,24.2,106,56,201,0.0,0
52,33.0,139,91,174,0.68,1
39,20.3,99,64,142,0.03,0
68,26.6,182,94,292,0.99,2
18,24.9,116,76,156,0.0,0
53,25.1,124,94,170,0.97,4
24,23.5,118,70,168,0.13,0
72,38.7,134,85,229,0.79,1
72,23.9,151,101,218,0.88,4
54,23.8,160,88,271,0.9,3
66,33.4,139,104,252,0.82,2
36,20.0,118,68,180,0.06,0
40,37.9,121,92,197,0.73,1
55,30.9,158,101,201,0.83,3
39,27.7,142,89,265,0.8,1
48,29.8,137,83,246,0.8,3
65,24.9,170,88,275,0.72,2
21,18.7,122,69,178,0.06,0
80,32.3,155,97,257,0.95,2
34,24.4,119,79,179,0.07,0
75,37.1,157,86,186,0.89,1
37,32.9,122,84,201,0.68,1
58,35.2,140,101,281,0.81,2
49,30.9,162,102,253,0.7,3
36,22.4,122,73,162,0.02,0
37,35.6,143,95,219,0.69,1
69,31.8,134,91,177,0.72,1
32,24.0,107,60,158,0.11,0
71,37.0,139,106,300,0.97,2
47,24.0,115,66,180,0.05,0
71,26.7,168,105,264,0.74,2
71,30.0,130,86,205,0.79,1
71,33.2,163,79,215,0.93,3
76,19.4,148,86,208,0.81,3
79,34.2,168,104,230,0.72,3
80,32.2,164,90,270,0.83,2
75,29.4,134,65,223,0.65,4
75,16.0,155,66,239,0.91,4
26,23.5,103,77,156,0.13,0
43,25.5,114,84,199,0.77,1
32,21.9,110,67,164,0.05,0
62,31.5,146,76,255,0.55,1
67,25.6,153,90,267,0.65,3
28,24.9,100,57,158,0.09,0
47,35.1,126,94,184,0.69,1
71,19.9,161,97,232,0.83,4
31,30.7,136,89,187,0.74,1
65,30.4,148,101,246,0.86,3
43,23.5,107,78,161,0.05,0
68,34.8,131,89,245,0.88,1
48,28.0,169,83,248,0.9,3
58,27.1,157,81,249,0.79,1
77,23.9,152,87,245,0.93,4
34,33.3,125,88,231,0.82,1
42,34.6,141,93,248,0.68,1
55,36.5,151,85,267,0.75,1
59,27.2,131,96,232,1.0,4
30,18.4,105,65,159,0.14,0
41,18.7,104,69,135,0.14,0
24,23.0,97,73,149,0.0,0
34,24.1,102,62,158,0.07,0
32,18.9,108,62,149,0.0,0
20,24.8,118,58,163,0.07,0
64,39.3,157,86,182,0.8,1
18,19.5,124,68,170,0.09,0
24,24.5,123,72,156,0.0,0
18,23.4,101,60,183,0.07,0
34,22.2,114,71,161,0.0,0
43,40.5,160,83,256,0.76,1
69,32.9,146,88,219,0.69,3
27,24.0,128,80,147,0.01,0
60,30.7,126,91,186,0.8,1
65,32.3,140,104,205,0.65,3
47,16.5,121,61,157,0.06,0
58,31.0,169,96,217,0.71,3
61,29.4,164,91,304,0.84,2
28,17.7,102,79,132,0.07,0
67,33.6,154,100,189,0.55,3
69,30.4,109,104,205,0.85,4
56,31.3,160,99,213,0.69,3
41,34.1,150,92,258,0.68,1
36,37.4,127,80,250,0.68,1
63,26.8,142,100,236,0.87,4
66,22.9,156,109,261,0.79,3
75,38.0,155,113,276,0.77,2
28,17.5,125,63,135,0.07,0
64,27.8,135,95,268,0.73,3
49,33.4,148,117,318,0.86,2
36,34.5,146,91,242,0.73,1
62,27.6,156,104,276,0.89,3
68,39.6,164,85,183,0.78,1
53,36.7,145,111,265,0.88,2
76,28.3,174,103,212,0.63,3
63,37.2,142,81,232,0.74,1
26,20.8,90,77,132,0.09,0
76,27.2,141,96,182,0.95,4
83,26.9,128,83,181,0.8,4
77,21.4,127,88,164,0.82,4
70,38.3,151,87,220,0.58,1
46,34.4,141,91,260,0.58,3
49,34.3,158,85,206,0.69,3
57,32.6,182,111,253,0.8,2
22,18.9,112,68,133,0.01,0
28,24.3,112,60,169,0.14,0
64,35.0,162,103,239,0.82,2
64,21.5,124,96,223,0.74,4
20,18.1,111,82,179,0.0,0
81,20.9,147,70,272,0.81,4
64,32.0,153,94,240,0.73,1
52,34.1,155,96,237,0.83,3
78,26.8,133,79,207,0.96,4
30,22.2,115,77,187,0.02,0
68,29.4,144,100,303,1.0,2
76,32.4,140,90,249,0.84,4
51,33.7,154,75,195,0.79,1
62,19.7,159,78,215,1.0,4
33,28.5,156,86,243,0.89,1
19,24.5,126,77,179,0.0,0
36,22.6,119,56,191,0.14,0
88,34.6,136,72,161,0.71,4
54,37.9,149,87,226,0.77,1
88,16.4,139,98,164,0.96,4
41,29.4,126,95,226,0.76,1
59,21.0,149,94,220,0.81,3
32,24.3,119,70,136,0.03,0
83,30.0,158,114,270,0.79,2
71,21.7,108,71,208,0.88,4
67,26.3,177,104,264,0.88,2
65,20.0,175,100,232,0.82,3
52,33.9,133,87,244,0.8,3
55,37.4,132,91,194,0.72,1
83,25.7,146,109,235,0.75,2
23,19.9,102,83,185,0.0,0
37,40.4,138,88,224,0.72,1
61,32.7,169,100,279,0.82,3
50,41.0,143,87,186,0.8,1
66,33.5,156,85,196,0.64,1
43,28.6,151,87,228,0.68,1
62,29.9,140,86,219,0.72,1
26,19.6,104,74,149,0.08,0
62,26.6,135,91,248,0.9,1
39,22.7,106,76,167,0.0,0
73,34.9,146,92,240,0.74,2
59,34.9,138,111,260,0.65,2
26,21.3,123,68,165,0.13,0
70,40.5,122,93,189,0.86,1
43,35.3,165,106,278,0.8,2
52,37.0,166,94,237,0.7,2
50,31.9,114,80,210,0.96,1
40,18.8,125,74,133,0.02,0
42,37.3,118,79,260,0.82,1
51,36.7,150,107,336,0.7,2
77,22.1,162,90,249,0.78,3
63,31.6,131,87,205,0.62,3
75,16.5,151,90,206,0.89,4
41,22.4,117,72,181,0.04,0
57,22.7,134,90,212,0.77,4
26,23.1,125,68,176,0.09,0
27,24.1,104,72,201,0.0,0
44,25.9,112,59,138,0.02,0
71,25.3,135,83,193,0.95,4
71,40.6,154,84,194,0.89,1
37,19.8,118,65,169,0.04,0
39,31.5,123,91,176,0.72,1
67,33.6,125,93,204,0.61,1
40,29.8,139,80,236,0.71,1
76,29.4,136,95,226,0.73,3
27,19.9,109,60,154,0.01,0
68,35.7,139,105,274,0.67,3
69,27.2,147,99,300,0.94,2
70,24.9,138,83,198,0.58,1
56,20.5,139,89,241,0.64,3
42,30.1,151,87,230,0.98,1
68,32.0,134,83,236,0.88,1
49,34.3,169,101,230,0.7,3
69,31.7,132,85,190,0.68,1
19,19.6,118,68,177,0.0,0
41,29.9,148,79,240,0.56,1
54,28.5,159,114,266,0.94,2
55,26.4,150,93,204,0.74,3
29,24.0,109,64,203,0.15,0
30,26.0,104,77,163,0.08,0
61,28.4,152,114,295,0.85,2
71,24.3,127,84,248,0.89,4
76,23.8,113,73,203,0.86,4
37,19.7,116,78,162,0.0,0
65,26.0,136,96,229,0.97,3
62,23.4,165,99,229,0.65,3
28,25.7,103,76,146,0.0,0
75,25.5,164,89,238,0.81,2
51,33.0,160,100,246,0.6,3
66,37.0,152,85,238,0.75,1
37,21.7,106,77,165,0.05,0
18,17.8,114,62,176,0.13,0
39,22.6,109,61,183,0.0,0
66,29.9,145,94,251,0.73,3
57,33.6,164,103,325,0.85,2
58,29.5,134,114,252,0.79,2
47,21.0,172,86,208,0.61,3
49,36.8,144,96,241,1.0,2
55,32.3,122,89,222,0.72,1
72,19.0,118,79,192,0.79,4
57,27.4,153,82,278,0.94,3
60,25.9,177,87,334,0.92,2
22,23.1,111,77,195,0.07,0
70,23.0,139,84,226,0.82,4
37,23.6,109,64,148,0.04,0
66,18.8,160,92,222,0.81,4
40,19.4,125,64,184,0.13,0
65,26.7,153,105,266,0.99,3
40,39.3,137,78,247,0.71,1
61,33.5,171,110,322,0.78,2
40,19.9,119,81,174,0.0,0
46,25.8,156,98,217,0.78,3
44,22.0,109,82,169,0.01,0
76,20.8,151,95,232,0.71,4
43,32.4,152,86,207,0.65,1
44,28.5,165,87,204,0.68,3
35,19.9,96,69,141,0.08,0
22,18.6,99,64,138,0.06,0
43,23.2,116,58,158,0.0,0
33,22.0,109,73,179,0.0,0
47,29.2,129,94,230,0.87,3
60,28.8,142,78,186,0.74,1
68,24.7,154,95,167,0.82,4
35,33.7,143,84,189,0.8,1
31,24.5,122,80,145,0.1,0
66,37.7,177,112,301,0.82,2
59,35.1,147,96,299,0.78,2
32,24.5,121,71,164,0.08,0
57,30.3,175,92,285,1.0,2
50,37.2,127,94,243,0.76,1
66,27.8,154,74,202,0.87,4
80,18.8,110,89,192,0.9,4
74,27.6,157,103,311,0.85,2
67,31.3,158,82,191,0.71,1
54,22.7,138,103,269,0.92,3
59,28.1,143,92,196,0.88,1
56,28.9,151,104,306,0.99,2
29,22.0,109,68,150,0.0,0
80,28.1,157,94,280,1.0,2
80,32.6,135,83,277,0.68,3
52,26.2,148,88,292,0.78,2
71,33.5,125,90,201,0.75,1
45,26.8,175,88,269,0.78,3
84,23.9,120,87,228,0.95,4
49,26.6,174,91,170,0.64,3
51,35.4,126,92,197,0.58,1
43,36.6,123,78,211,0.6,1
33,30.5,146,71,194,0.65,1
73,22.3,123,80,207,0.77,4
69,26.5,154,113,262,0.92,2
69,27.8,134,90,189,0.51,1
22,20.0,103,64,156,0.0,0
55,32.2,156,88,233,0.63,1
73,26.0,154,74,249,0.86,4
34,27.1,118,62,146,0.07,0
69,21.6,123,86,213,0.96,4
57,35.7,162,97,276,0.86,3
56,27.9,144,102,228,0.8,2
79,37.4,153,107,296,1.0,2
37,40.5,150,90,174,0.77,1
58,31.4,161,80,238,0.87,1
69,36.0,176,99,264,0.98,2
43,18.1,107,70,184,0.06,0
80,25.8,183,108,240,0.83,2
67,24.5,150,86,158,0.86,4
72,33.7,149,91,246,0.9,1
53,39.6,131,85,193,0.82,1
64,36.9,171,108,252,1.0,2
55,37.2,147,108,265,0.72,2
72,28.7,185,112,298,0.96,2
42,28.1,121,80,257,0.91,1
57,32.2,158,112,312,1.0,2
25,23.8,112,73,150,0.0,0
54,26.7,166,97,269,0.85,2
26,20.4,90,72,143,0.09,0
60,37.7,123,77,218,0.75,1
58,32.2,115,93,180,0.94,1
66,33.7,154,96,233,0.86,1
68,27.9,153,80,234,0.77,4
69,32.8,170,99,271,0.83,2
54,28.8,157,80,221,0.91,4
27,23.6,100,68,152,0.05,0
20,17.4,120,59,186,0.02,0
60,22.5,122,88,199,0.86,4
24,26.6,107,73,186,0.05,0
49,26.3,145,97,237,0.61,1
57,31.1,138,87,241,0.87,1
35,23.2,109,70,183,0.03,0
42,29.7,140,87,191,0.57,1
33,35.0,154,83,202,0.81,1
29,18.2,95,59,178,0.05,0
75,31.5,152,98,264,0.93,2
57,28.2,146,89,236,0.96,4
50,40.9,131,87,216,0.62,1
56,25.9,156,94,165,0.9,4
23,19.1,118,70,164,0.07,0
43,25.8,156,99,243,0.98,3
50,26.6,144,77,261,0.64,1
40,36.3,124,89,193,0.78,1
58,28.3,160,94,261,0.82,1
82,23.5,136,81,207,0.91,4
86,34.8,169,89,230,0.95,2
71,19.9,123,93,173,0.92,4
77,37.2,167,94,254,0.74,2
53,33.1,160,90,231,0.91,3
51,27.1,153,94,203,0.78,1
55,29.8,165,109,313,0.87,2
78,25.8,140,73,207,0.92,4
39,23.6,120,53,199,0.08,0
66,26.0,150,85,197,0.79,1
23,20.6,98,64,152,0.06,0
26,23.6,101,64,152,0.07,0
86,18.3,113,77,173,0.9,4
37,23.8,122,64,160,0.0,0
48,35.5,153,83,249,0.6,1
68,28.5,140,84,202,0.77,1
71,32.7,131,97,249,0.52,3
64,23.2,133,75,211,0.62,4
72,26.2,142,107,277,0.92,2
30,19.1,97,72,167,0.02,0
38,29.7,139,86,181,0.67,1
32,18.5,104,84,140,0.06,0
78,29.5,151,76,201,0.8,4
36,21.6,123,71,147,0.0,0
68,24.5,129,70,197,0.93,4
39,23.3,114,61,143,0.0,0
63,32.9,157,88,279,0.78,2
57,38.3,148,89,215,0.72,1
85,27.4,161,100,242,0.88,2
49,29.3,145,84,250,0.85,1
60,28.2,164,97,246,0.7,3
51,22.2,155,92,234,0.75,3
21,23.2,128,62,170,0.09,0
49,40.8,146,76,208,0.65,1
23,21.7,123,66,176,0.14,0
62,31.3,178,91,251,0.69,2
62,30.7,146,94,283,0.62,3
67,36.3,113,83,233,0.78,1
57,30.3,163,90,269,0.89,3
88,15.6,131,89,177,1.0,4
42,35.2,152,95,219,0.56,1
80,33.1,156,110,286,0.86,2
46,32.3,133,89,260,0.82,1
73,27.3,134,107,233,0.55,3
50,32.9,170,100,272,0.57,3
81,29.8,149,94,226,0.98,4
63,26.8,162,94,279,0.77,3
76,29.3,127,90,203,0.93,4
32,19.8,100,77,157,0.06,0
61,36.6,141,82,192,0.82,1
53,39.7,154,94,192,0.56,1
66,38.8,127,88,160,0.68,1
65,34.5,164,97,223,0.71,3
40,19.6,124,78,181,0.03,0
57,33.7,160,86,169,0.7,1
62,29.6,150,96,239,0.87,3
54,26.0,138,96,269,0.82,3
29,20.5,124,82,198,0.1,0
50,40.8,143,82,220,0.79,1
66,37.2,138,85,227,0.82,1
59,26.5,157,96,228,0.87,3
60,37.2,166,91,290,0.81,2
44,21.2,164,98,245,0.49,3
73,23.6,181,89,272,0.69,2
57,33.9,146,111,252,0.93,2
54,39.2,145,93,207,0.74,1
66,28.8,140,98,255,0.7,3
69,27.3,155,87,276,0.89,2
47,21.6,106,75,149,0.0,0
79,35.5,119,84,196,0.74,1
59,33.7,153,94,279,0.89,2
38,20.9,113,65,171,0.1,0
60,30.5,129,79,180,0.92,4
78,21.7,119,73,252,0.89,4
51,29.0,142,88,235,0.82,1
42,32.4,132,84,208,0.82,1
33,25.0,106,80,155,0.0,0
79,29.9,130,90,249,1.0,4
46,38.7,154,91,269,0.71,1
49,39.4,149,86,229,0.67,1
77,29.5,183,93,259,0.9,2
63,30.5,166,99,307,0.99,2
82,31.7,135,92,240,0.93,4
22,22.5,114,73,186,0.0,0
25,20.4,103,71,173,0.06,0
43,29.1,152,87,219,0.67,1
55,19.0,114,80,191,0.8,4
63,21.4,165,76,238,0.68,3
79,35.4,162,109,271,0.98,2
62,33.7,160,91,214,0.71,3
36,21.7,107,62,161,0.0,0
27,21.8,118,71,171,0.1,0
71,32.5,145,89,204,0.71,1
78,25.7,105,90,230,0.74,4
36,38.9,132,90,249,0.79,1
44,34.0,148,76,237,0.88,1
75,23.6,150,114,204,0.73,3
46,27.3,168,90,244,0.85,3
71,30.0,153,79,247,0.7,3
51,31.3,136,105,243,0.92,3
72,30.1,138,79,186,0.81,1
31,20.9,110,58,182,0.13,0
90,32.9,161,100,229,0.74,2
39,23.7,101,67,136,0.1,0
36,24.3,113,68,165,0.06,0
38,40.7,145,84,217,0.59,1
69,25.3,140,104,240,1.0,2
55,27.6,149,87,252,0.78,3
56,29.1,142,104,295,0.75,2
37,22.6,116,74,129,0.01,0
61,35.1,179,101,285,0.75,2
51,40.8,155,85,229,0.65,1
53,33.7,171,99,282,0.93,2
28,18.3,107,77,193,0.05,0
80,25.9,170,92,235,0.53,3
47,37.2,172,105,286,0.89,2
34,20.1,102,73,163,0.04,0
70,34.3,156,93,187,0.79,1
59,38.4,130,88,180,0.8,1
49,24.9,159,104,225,0.72,3
44,20.6,103,68,179,0.0,0
44,27.1,146,103,253,0.67,3
55,28.4,127,94,271,0.54,1
62,40.1,144,91,181,0.77,1
57,36.0,150,98,325,0.72,2
50,32.4,128,92,227,0.88,1
28,17.9,100,66,170,0.07,0
39,20.8,114,79,181,0.0,0
39,16.6,120,61,146,0.0,0
76,31.4,150,100,302,0.97,2
73,24.6,137,99,252,0.72,2
18,22.3,112,74,147,0.13,0
63,33.6,158,111,317,0.96,2
48,26.6,136,87,238,0.84,1
52,29.4,113,92,225,0.83,4
26,17.7,105,73,180,0.07,0
27,21.9,96,60,131,0.03,0
76,30.6,166,97,240,0.91,2
42,20.9,115,64,157,0.0,0
24,25.7,104,66,158,0.12,0
78,21.2,157,79,232,0.89,4
41,32.9,120,95,190,0.93,1
82,21.8,107,99,229,0.81,4
52,27.1,140,96,262,0.65,3
66,29.8,147,111,290,0.71,2
69,22.4,145,101,194,0.78,4
76,20.0,162,89,223,0.85,4
34,38.6,131,80,208,0.74,1
75,28.7,110,97,236,0.96,4
41,39.2,129,83,194,0.63,1
66,36.8,169,107,248,0.77,2
56,25.3,109,99,208,0.97,4
32,21.4,122,62,182,0.04,0
71,31.8,151,88,242,0.75,1
70,23.8,135,85,161,0.85,4
44,20.6,169,89,249,0.83,3
59,29.3,133,76,255,0.62,1
56,28.6,155,104,232,0.79,3
78,24.4,180,103,264,0.84,2
75,23.3,129,102,155,1.0,4
51,34.2,152,82,220,0.74,1
73,27.1,175,104,247,0.85,3
50,31.4,171,98,217,0.81,3
76,38.0,173,104,297,0.74,2
60,35.2,149,96,210,0.83,3
35,19.2,108,78,149,0.0,0
61,32.5,132,85,244,0.87,3
19,21.9,113,65,145,0.07,0
31,25.0,126,63,173,0.0,0
45,28.1,162,92,250,0.74,1
72,32.9,149,94,219,0.76,3
41,34.5,156,86,207,0.73,1
45,32.3,146,93,238,0.79,1
62,28.1,143,83,196,0.91,4
25,17.4,125,75,161,0.0,0
83,30.7,161,104,260,0.78,2
55,35.0,159,97,299,0.88,2
72,38.7,134,93,211,0.8,1
27,19.5,105,59,201,0.0,0
75,36.5,161,120,307,1.0,2
65,17.2,145,96,225,0.86,4
23,22.6,112,75,140,0.03,0
56,29.9,159,109,322,0.75,2
66,22.1,161,95,233,0.85,4
68,32.6,167,92,237,0.75,3
36,17.3,113,61,171,0.01,0
41,20.9,116,77,166,0.02,0
81,23.5,136,81,153,0.9,4
41,36.7,125,85,212,0.63,1
57,42.3,163,78,238,0.69,1
70,39.7,144,79,205,0.68,1
57,31.9,178,106,259,0.74,2
52,36.4,147,103,259,0.93,3
67,33.8,137,78,242,0.93,1
62,25.0,172,100,241,0.7,2
68,20.0,122,82,228,0.89,4
62,19.7,164,97,211,1.0,4
54,32.2,178,108,255,0.82,2
18,20.1,119,86,120,0.11,0
59,30.5,143,84,257,0.9,1
28,19.7,114,84,163,0.03,0
74,34.7,153,107,248,0.76,2
44,19.8,107,73,193,0.07,0
47,31.7,138,87,235,0.75,1
50,28.0,143,87,235,0.61,1
89,35.5,139,94,272,0.81,2
44,24.5,107,78,176,0.0,0
68,18.9,157,92,201,0.78,4
76,26.7,144,112,227,0.85,2
18,18.0,111,65,171,0.14,0
37,32.0,155,88,232,0.66,1
68,18.9,123,87,192,0.94,4
29,20.3,123,57,162,0.09,0
72,23.3,175,86,216,0.63,3
64,33.9,145,101,244,0.62,3
72,31.8,157,101,248,0.53,3
68,34.1,158,100,247,0.72,2
80,36.2,164,93,310,0.89,2
80,29.0,160,97,261,0.93,2
29,23.5,114,62,169,0.01,0
59,34.0,174,108,235,0.51,3
35,40.6,155,93,191,0.74,1
30,24.7,123,74,128,0.09,0
73,36.0,149,94,321,0.91,2
60,35.5,146,110,258,0.88,2
20,26.5,119,65,142,0.08,0
23,22.9,121,68,150,0.09,0
85,34.0,160,113,243,0.81,2
78,27.1,134,70,227,1.0,4
51,31.1,162,96,210,0.59,3
78,23.6,144,92,233,0.63,3
76,32.7,179,98,287,0.77,2
57,38.4,146,89,212,0.8,1
18,23.2,114,73,181,0.0,0
67,22.9,156,93,175,0.83,4
73,24.5,159,76,247,0.87,3
76,26.7,157,85,251,0.94,4
41,34.9,145,91,211,0.9,1
86,18.8,141,77,230,0.86,4
67,26.1,141,89,162,0.97,4
18,23.5,106,52,147,0.05,0
25,23.4,104,78,207,0.11,0
58,25.3,115,71,217,0.91,4
57,21.9,124,71,177,0.89,4
56,38.0,136,87,253,0.68,1
82,32.9,145,97,229,0.74,2
76,28.6,156,97,250,0.97,3
67,29.2,181,103,278,0.72,2
41,32.2,135,88,191,0.8,1
37,35.9,123,75,211,0.62,1
80,36.8,146,95,278,0.95,2
77,28.8,152,92,200,0.96,3
42,20.5,107,57,151,0.04,0
38,23.4,101,57,197,0.11,0
45,20.8,115,77,150,0.02,0
87,16.6,122,88,224,0.95,4
33,23.9,117,63,153,0.16,0
69,28.4,128,88,228,0.88,1
75,34.0,169,120,275,0.95,2
28,23.3,109,75,176,0.18,0
51,39.0,137,80,190,0.89,1
80,20.6,133,85,199,0.94,4
35,36.1,127,87,185,0.68,1
49,33.5,132,94,271,0.74,1
47,28.3,143,98,249,0.75,3
52,39.4,137,78,214,0.74,1
75,25.5,158,118,319,0.79,2
75,21.8,147,71,185,0.77,4
58,40.0,128,91,202,0.66,1
35,22.2,105,57,197,0.07,0
65,28.3,167,77,225,0.75,4
79,35.4,156,114,274,0.8,2
73,26.2,110,76,237,0.99,4
58,22.8,133,97,217,0.87,4
69,24.1,133,91,196,0.84,4
35,32.6,149,84,190,0.82,1
74,27.9,136,93,191,0.76,1
65,16.9,131,94,213,0.89,4
40,27.0,130,91,264,0.78,1
19,19.3,95,78,165,0.04,0
57,35.9,149,80,239,0.59,1
42,35.4,133,84,196,0.65,1
57,28.4,161,102,234,0.88,2
84,36.5,160,99,261,0.76,2
60,25.5,154,96,295,0.69,3
68,26.0,166,91,228,0.77,4
47,28.4,152,100,273,0.76,3
65,32.7,149,111,267,0.97,2
75,32.1,137,85,219,0.74,3
72,34.5,149,83,186,0.68,1
64,38.5,120,78,253,0.89,1
41,25.3,146,84,192,0.89,1
70,35.3,143,111,262,0.94,2
67,31.3,144,86,243,0.9,4
66,28.0,151,86,284,0.64,3
52,30.7,140,85,202,0.92,1
64,33.4,135,87,250,0.69,1
44,29.5,146,83,178,0.67,1
70,22.3,132,97,184,0.91,4
63,38.3,177,93,251,0.96,2
73,29.7,167,96,275,0.96,2
72,35.0,132,78,169,0.84,1
54,41.9,138,100,236,0.6,1
38,25.8,125,77,161,0.05,0
21,25.7,117,78,145,0.02,0
48,38.0,145,86,214,0.76,1
70,25.3,124,73,196,0.81,1
77,32.0,135,91,230,0.7,3
80,25.7,177,82,220,0.59,3
74,19.3,109,85,206,0.9,4
27,23.6,100,73,170,0.02,0
62,28.9,154,114,282,0.92,2
30,25.8,119,72,142,0.0,0
38,18.9,93,71,189,0.0,0
70,22.7,165,93,205,0.71,3
29,20.1,109,68,144,0.03,0
57,31.6,149,95,207,0.65,1
41,23.2,113,67,181,0.16,0
69,28.0,129,110,291,0.86,2
84,34.7,172,96,264,0.95,2
64,32.8,153,88,221,0.79,3
79,29.2,141,93,228,0.71,3
27,23.7,120,69,194,0.02,0
27,17.5,116,59,183,0.15,0
48,21.7,138,87,236,0.76,3
47,39.8,150,91,245,0.61,1
52,35.8,127,82,214,0.81,1
60,21.0,148,96,198,1.0,3
35,23.8,120,67,190,0.07,0
59,16.7,155,92,164,0.93,4
38,18.6,114,71,171,0.08,0
49,30.4,125,78,224,0.81,1
37,22.0,119,64,142,0.05,0
56,26.8,141,104,250,0.77,3
39,24.0,115,67,166,0.03,0
19,23.0,111,72,155,0.04,0
29,19.8,128,79,141,0.0,0
21,21.3,134,62,185,0.03,0
55,31.3,142,88,225,0.86,4
65,37.8,136,77,202,0.65,1
73,38.2,142,109,244,0.79,2
83,27.0,149,97,166,0.95,4
40,21.3,106,67,156,0.05,0
41,33.9,122,88,164,0.73,1
62,30.2,166,89,265,0.64,3
87,29.6,151,96,295,0.98,2
72,37.5,130,86,174,0.69,1
54,37.5,160,104,277,0.99,2
68,29.2,157,96,223,0.82,1
80,25.0,144,107,275,0.76,2
74,31.6,157,98,233,0.86,3
67,32.9,131,104,242,0.62,3
69,29.1,134,82,235,0.66,1
65,21.5,146,104,223,0.96,4
61,30.8,115,100,185,0.9,4
68,34.5,132,92,193,0.59,1
45,26.6,136,86,173,0.66,1
58,34.5,150,99,295,0.88,2
40,32.5,134,77,199,0.65,1
60,29.7,170,102,300,0.94,2
67,26.9,115,103,173,0.81,4
31,18.9,104,76,186,0.01,0
64,34.0,161,91,273,0.6,3
56,33.3,167,106,313,0.9,2
47,22.7,117,77,138,0.06,0
41,35.0,143,95,209,0.77,1
18,19.7,117,73,184,0.15,0
71,34.3,133,85,222,0.67,1
59,29.8,126,78,251,1.0,4
38,21.9,102,62,165,0.03,0
66,27.3,177,86,223,0.75,2
42,35.2,169,89,232,0.88,3
51,28.1,149,76,254,0.89,1
65,32.4,142,102,230,0.92,2
36,20.5,102,78,158,0.0,0
69,29.9,160,89,178,0.78,3
78,25.4,125,96,249,0.85,4
59,21.1,136,80,189,0.91,4
42,35.2,125,88,226,0.78,1
39,32.5,139,79,207,0.85,1
76,28.7,182,95,293,1.0,2
48,37.6,132,85,198,0.66,1
56,29.3,153,89,239,0.84,3
49,31.1,175,98,226,0.8,3
71,31.9,155,80,227,0.55,1
44,24.8,140,93,214,0.78,1
36,23.5,102,78,152,0.15,0
81,26.2,134,106,258,0.71,2
33,22.9,110,72,181,0.07,0
56,28.5,113,94,192,0.82,4
87,31.9,190,117,314,0.7,2
28,25.4,123,63,184,0.07,0
51,37.2,120,81,224,0.84,1
31,37.1,124,86,254,0.78,1
59,30.0,178,101,252,0.63,3
35,24.4,113,65,153,0.05,0
36,31.7,158,89,219,0.58,1
81,35.8,160,96,229,0.91,2
51,29.6,171,98,227,0.91,2
59,33.6,127,90,192,0.71,1
72,31.0,123,106,213,0.9,4
67,29.3,156,109,271,0.76,2
45,30.7,115,87,246,0.64,1
38,35.2,159,86,230,0.78,1
32,21.9,113,63,174,0.13,0
54,23.6,150,95,280,0.81,2
61,23.1,163,101,212,0.86,3
77,31.9,127,102,213,0.55,3
84,29.0,166,112,288,1.0,2
61,36.8,122,91,242,0.83,1
18,20.9,103,57,152,0.03,0
81,17.3,120,81,188,0.87,4
83,32.2,161,101,249,0.86,2
56,33.7,141,87,204,0.63,1
78,32.0,155,101,237,0.63,3
53,31.3,131,101,275,0.8,3
26,25.3,115,66,144,0.06,0
78,23.7,164,74,167,0.9,4
58,24.4,181,101,259,0.73,2
82,17.7,116,101,153,0.94,4
59,27.2,193,88,305,0.84,2
66,21.4,154,98,264,0.93,3
76,31.7,115,89,250,0.7,1
72,37.3,142,91,251,0.89,1
76,23.7,157,80,227,0.79,4
68,19.9,146,89,278,0.77,3
70,29.7,135,109,293,0.81,2
33,23.2,118,76,203,0.0,0
48,40.7,142,84,194,0.73,1
59,17.3,135,84,173,0.9,4
25,24.4,100,84,167,0.02,0
52,31.8,147,91,179,0.77,1
47,33.6,122,88,255,0.57,1
52,22.8,147,88,257,0.57,3
20,23.1,118,75,145,0.1,0
21,19.0,114,55,143,0.13,0
85,24.0,158,99,268,0.87,2
37,18.9,109,64,171,0.13,0
77,27.3,164,102,216,0.86,3
48,33.7,128,93,255,0.71,3
52,28.6,147,104,276,0.95,2
66,42.2,153,85,185,0.61,1
29,20.5,121,59,167,0.13,0
29,20.1,119,56,173,0.16,0
58,35.7,126,74,246,0.69,1
54,32.9,135,102,229,0.74,3
41,24.1,124,56,156,0.0,0
53,34.8,173,96,336,0.68,2
47,21.5,123,73,135,0.03,0
32,25.3,111,66,191,0.16,0
60,25.2,132,92,269,0.78,3
80,29.5,173,94,238,0.93,2
62,32.5,179,101,265,0.7,3
33,21.8,110,55,184,0.05,0
43,29.7,125,91,247,0.72,1
35,20.9,117,64,167,0.0,0
48,29.3,148,91,227,0.57,1
45,33.8,158,84,221,0.66,1
59,22.6,137,91,171,0.93,4
79,36.3,151,110,306,0.75,2
61,33.3,142,97,244,0.92,2
76,31.3,142,88,272,0.78,3
54,27.3,150,96,207,0.86,1
50,31.4,155,87,248,0.67,1
76,19.8,132,81,234,0.92,4
27,23.9,102,71,173,0.17,0
63,32.7,166,112,301,0.93,2
25,22.3,112,59,187,0.03,0
37,25.0,104,63,182,0.09,0
65,29.1,180,80,204,0.62,3
63,22.4,154,99,211,0.96,4
66,26.7,123,78,215,0.78,4
47,29.1,113,88,248,0.72,1
51,24.3,133,85,209,0.59,3
60,39.1,152,78,203,0.83,1
64,32.9,156,103,269,0.79,3
54,27.2,155,95,260,0.67,3
71,20.7,147,77,234,0.82,4
69,38.1,125,95,202,0.79,1
60,35.0,145,99,238,0.62,1
78,36.0,178,98,226,1.0,2
79,24.0,142,90,242,0.83,3
56,24.0,145,75,167,0.82,4
65,37.2,140,83,201,0.89,1
74,29.9,105,83,216,0.83,4
72,25.4,117,74,234,0.85,4
61,30.1,117,89,233,0.92,1
43,22.6,115,80,187,0.08,0
72,34.3,153,93,265,0.96,2
35,23.6,105,69,120,0.0,0
51,35.2,162,103,336,0.81,2
53,27.5,137,102,214,0.82,3
48,29.3,118,76,253,1.0,1
48,36.5,176,91,299,1.0,2
60,27.7,139,74,163,0.82,4
63,19.7,155,92,208,0.85,4
85,34.3,184,114,220,0.86,2
47,22.4,119,83,160,0.02,0
65,40.1,138,80,224,0.93,1
45,33.1,131,76,182,0.71,1
38,39.1,133,85,257,0.58,1
57,34.8,141,84,267,0.72,2
37,20.3,122,71,161,0.02,0
53,31.8,157,97,243,0.85,2
30,24.1,110,69,175,0.1,0
56,33.8,177,96,307,0.76,2
73,31.2,145,106,273,1.0,2
19,20.7,101,55,202,0.09,0
55,31.0,146,80,215,0.9,1
80,36.9,163,97,231,0.72,2
67,28.9,131,93,231,0.89,1
61,24.6,157,95,259,0.85,3
51,33.3,131,90,219,0.89,2
50,30.7,146,91,225,0.85,3
23,19.7,100,70,177,0.18,0
73,29.4,179,101,292,0.72,2
45,36.9,133,78,247,0.74,1
56,23.7,111,75,154,0.87,4
74,25.7,159,97,279,0.9,2
40,22.1,112,62,182,0.07,0
26,22.2,116,75,178,0.06,0
45,23.0,142,103,245,0.95,3
51,25.2,144,93,198,0.83,3
75,37.4,176,90,235,0.94,2
40,25.1,99,71,132,0.09,0
61,33.0,150,98,220,0.68,3
21,19.2,110,68,182,0.06,0
22,20.7,126,67,156,0.13,0
52,25.6,145,111,271,0.95,2
40,23.4,121,69,178,0.1,0
73,33.0,123,80,173,0.99,4
40,38.5,168,81,234,0.56,1
52,31.2,124,86,229,0.61,1
34,19.0,121,64,156,0.0,0
60,33.0,176,99,233,0.68,3
57,30.6,135,82,267,0.89,3
39,22.4,126,55,180,0.12,0
62,28.5,162,110,312,0.79,2
59,20.1,159,85,195,0.79,4
83,19.9,122,73,171,0.88,4
75,32.8,143,118,229,0.76,2
44,30.8,120,83,176,0.68,1
66,27.6,137,92,193,0.88,1
41,19.0,132,80,181,0.0,0
59,23.3,123,65,169,0.78,4
38,21.7,108,78,130,0.09,0
71,33.4,150,94,209,0.78,3
35,31.2,115,91,230,0.85,1
52,33.3,160,89,262,0.89,3
58,26.6,157,81,267,0.69,1
62,27.8,144,92,230,0.86,3
35,21.0,122,60,174,0.07,0
55,27.3,155,112,260,0.91,2
82,30.6,181,95,305,0.99,2
33,17.5,102,69,157,0.01,0
71,30.0,128,96,171,0.77,4
43,16.1,105,77,135,0.16,0
38,29.4,134,93,269,0.98,3
61,23.4,152,85,253,0.96,4
50,27.3,118,87,261,0.69,1
81,27.4,142,85,252,0.81,3
61,32.3,167,97,286,0.85,2
43,29.7,152,81,211,0.71,3
45,20.8,106,67,182,0.1,0
59,26.4,146,96,262,0.79,2
63,34.6,156,110,318,0.82,2
78,28.4,169,96,317,1.0,2
64,28.1,163,95,255,0.79,2
26,24.6,109,84,180,0.0,0
70,28.6,136,84,211,0.88,3
22,23.3,119,67,141,0.05,0
69,18.5,117,78,172,0.86,4
24,21.7,110,74,150,0.07,0
46,35.8,121,83,245,0.65,1
60,32.3,137,85,267,0.86,3
63,28.8,164,84,196,0.8,1
29,23.3,114,77,147,0.03,0
79,25.9,120,91,238,0.77,4
22,19.1,101,74,177,0.05,0
22,18.2,101,72,204,0.07,0
66,36.7,146,100,239,0.63,3
65,37.1,157,95,257,0.91,1
21,24.7,108,66,132,0.0,0
50,26.6,121,88,213,0.64,1
69,30.4,128,97,183,1.0,4
80,22.4,179,94,299,0.87,2
53,31.2,151,84,270,0.75,1
75,32.6,140,105,299,0.8,2
22,22.5,108,72,153,0.03,0
46,29.8,167,101,266,0.92,2
87,29.6,164,87,286,0.71,2
74,34.6,148,95,324,0.85,2
49,29.2,163,104,270,0.86,3
37,20.2,115,65,179,0.18,0
32,34.4,125,93,241,0.86,1
58,26.5,165,105,266,0.96,3
59,28.0,169,96,242,0.77,3
33,38.3,120,86,218,0.69,1
51,39.8,144,81,244,0.74,1
26,25.3,120,70,134,0.0,0
57,29.8,138,100,260,0.73,1
68,30.7,170,103,239,0.87,3
57,34.2,142,96,269,0.8,3
26,21.4,119,69,145,0.1,0
18,19.1,114,67,175,0.08,0
73,38.6,145,93,187,0.78,1
25,19.8,121,68,158,0.07,0
70,33.8,180,100,318,0.76,2
54,37.3,153,81,204,0.93,1
65,22.8,153,98,231,0.8,3
65,30.3,159,96,291,0.7,3
63,36.9,124,95,194,0.82,1
57,27.2,165,88,237,0.55,3
71,30.7,129,89,235,0.77,1
56,37.3,150,93,283,1.0,2
59,30.8,150,87,207,0.88,1
35,20.9,117,72,193,0.0,0
39,31.1,150,100,204,0.71,3
44,38.4,142,86,239,0.51,1
63,30.2,138,83,225,0.69,1
33,33.0,134,77,238,0.61,1
51,28.9,165,89,265,0.79,2
68,31.5,175,89,259,0.78,2
65,25.6,125,83,195,0.91,4
67,34.7,131,88,228,0.69,1
56,27.5,160,96,259,0.81,1
80,17.2,152,73,234,1.0,4
71,29.3,144,112,244,0.7,2
33,21.0,125,58,152,0.09,0
39,32.8,156,88,179,0.71,1
70,24.3,124,75,250,0.94,4
49,37.2,135,83,181,0.88,1
45,33.5,138,76,218,0.75,1
33,19.0,114,57,192,0.0,0
52,38.6,150,89,280,0.78,2
20,18.5,105,62,181,0.0,0
63,27.0,123,84,238,0.58,1
23,22.9,109,75,161,0.1,0
44,19.2,107,77,149,0.02,0
56,30.4,155,106,242,0.83,2
77,24.5,150,89,199,0.88,3
39,20.7,102,68,162,0.0,0
61,26.5,138,98,253,0.62,3
53,22.8,143,70,227,0.76,4
52,24.3,169,109,282,0.63,2
60,34.2,165,94,254,0.84,3
24,18.4,108,61,132,0.11,0
63,26.1,154,92,239,0.89,3
32,19.0,116,70,160,0.07,0
52,28.9,118,89,228,0.94,4
67,32.8,156,102,307,0.99,2
69,27.7,149,91,255,0.87,1
56,37.7,121,88,211,0.68,1
74,28.2,155,82,198,0.84,4
48,24.3,175,105,295,0.87,2
71,27.2,175,95,259,0.91,2
60,25.9,177,91,232,0.87,2
78,34.9,139,92,224,0.54,1
27,17.8,126,73,158,0.07,0
61,24.8,114,86,199,0.83,4
74,26.7,142,82,203,0.99,4
65,27.0,162,92,273,0.92,2
58,27.5,159,87,167,0.99,4
37,25.8,97,75,145,0.0,0
77,34.0,172,94,274,0.72,2
54,33.2,125,97,208,0.66,1
56,31.5,140,99,290,0.83,2
71,30.9,131,99,208,0.71,1
69,19.2,125,88,216,0.76,4
85,39.8,164,112,308,0.76,2
76,35.7,157,104,266,0.8,2
66,35.4,129,81,256,0.87,1
41,22.1,148,110,265,0.89,3
52,32.2,169,95,223,0.61,3
50,32.0,160,97,216,0.72,3
57,25.0,127,71,174,0.87,4
77,35.2,125,85,238,0.76,3
90,22.1,128,76,185,0.93,4
56,25.8,152,109,230,1.0,2
18,26.0,107,64,156,0.0,0
33,19.5,108,53,162,0.0,0
27,21.9,118,77,182,0.03,0
61,23.6,111,78,232,0.96,4
87,20.7,122,68,252,0.88,4
34,19.6,107,73,169,0.0,0
48,26.8,166,108,243,0.85,3
65,35.8,121,77,194,0.9,1
55,17.7,125,74,192,0.93,4
72,21.3,157,86,241,0.74,3
48,18.1,102,73,140,0.04,0
51,27.1,136,84,227,0.9,1
55,24.1,147,88,248,0.86,3
64,37.0,164,104,248,0.85,2
47,38.8,135,96,207,0.5,1
25,20.9,100,78,138,0.04,0
76,26.1,171,106,288,0.76,2
44,32.3,128,94,266,0.77,1
78,28.8,151,92,209,0.97,4
21,22.0,101,70,129,0.01,0
74,19.1,130,92,180,0.94,4
39,20.1,109,53,172,0.0,0
25,22.0,124,74,170,0.11,0
76,24.1,122,68,191,1.0,4
47,37.2,151,84,173,0.58,1
64,22.5,151,90,178,0.97,4
49,36.3,173,92,192,0.63,1
75,32.3,168,117,246,0.77,2
68,26.4,165,86,242,0.88,3
74,28.3,158,85,223,0.74,1
75,18.7,159,72,217,0.84,4
54,22.0,138,84,246,0.82,3
79,32.6,170,87,308,0.89,2
53,24.7,130,81,216,0.71,1
54,35.1,126,93,195,0.82,1
72,28.5,167,96,213,0.88,3
40,33.6,144,84,264,0.92,1
19,19.8,116,60,158,0.18,0
62,28.2,148,78,205,0.9,1
67,28.3,142,93,194,0.9,4
66,18.1,112,72,204,0.82,4
58,36.8,169,96,280,0.88,2
18,20.3,109,70,163,0.14,0
47,36.4,133,77,192,0.62,1
56,24.6,178,87,209,0.72,3
84,26.9,135,88,247,0.77,4
68,28.4,176,94,253,0.76,2
24,20.8,100,71,178,0.03,0
67,15.0,136,84,200,0.84,4
60,23.9,134,87,190,0.82,4
32,18.9,121,59,179,0.02,0
53,16.8,136,87,250,0.83,4
62,24.4,157,98,268,0.56,3
72,28.1,144,106,322,0.88,2
45,28.8,146,84,247,0.79,1
57,35.4,157,97,284,1.0,2
66,28.4,149,103,183,0.92,3
43,22.0,117,61,160,0.02,0
29,30.9,147,85,261,0.72,1
40,37.3,133,82,237,0.85,1
77,25.1,169,107,265,0.8,3
50,29.1,145,96,270,0.81,2
52,27.7,146,99,235,0.67,3
58,35.2,121,73,242,0.84,1
67,31.0,161,108,323,0.91,2
27,24.4,106,71,167,0.15,0
63,22.6,131,85,258,0.78,4
48,35.9,149,84,215,0.59,1
71,25.5,130,98,234,0.84,4
54,30.3,166,87,260,0.74,3
73,28.7,161,96,228,0.87,3
44,37.0,141,91,168,0.89,1
21,20.6,98,74,178,0.0,0
50,37.0,171,103,280,1.0,2
53,35.1,140,90,203,0.67,1
64,24.7,137,92,235,0.88,3
52,24.0,132,104,260,0.77,3
48,30.8,161,112,238,0.73,2
59,33.4,161,99,260,0.94,2
50,29.2,136,77,220,0.8,1
33,21.1,114,73,139,0.03,0
38,21.4,107,75,146,0.01,0
63,28.2,151,87,257,0.87,3
65,29.0,131,96,213,0.82,3
51,34.8,156,92,210,0.56,1
72,19.2,113,78,163,0.9,4
33,30.5,130,87,229,0.67,1
31,23.6,104,81,178,0.05,0
57,29.1,135,85,213,0.72,1
56,38.1,156,73,184,0.51,1
22,21.4,102,70,131,0.09,0
53,24.0,147,74,179,0.81,4
51,32.1,139,92,212,0.78,3
43,19.2,100,64,183,0.07,0
24,20.8,107,71,146,0.0,0
55,32.8,140,93,208,0.62,1
81,26.0,125,105,235,0.98,4
76,23.5,111,77,240,0.73,4
72,24.3,101,97,250,1.0,4
64,28.8,176,106,277,0.97,2
34,22.2,115,60,167,0.12,0
53,25.8,132,95,252,0.91,3
64,32.5,136,89,197,0.8,1
26,21.9,121,78,179,0.07,0
44,28.7,182,98,256,0.7,2
44,39.7,125,84,185,0.77,1
66,21.6,152,100,232,0.8,3
64,27.8,130,89,182,0.62,1
63,35.6,123,89,247,0.74,1
27,23.1,114,62,196,0.05,0
67,16.4,136,100,219,0.97,4
67,27.5,154,86,214,0.69,3
78,27.8,152,99,232,0.74,2
63,27.6,183,90,232,0.92,2
79,16.7,139,80,189,0.92,4
85,19.1,139,89,206,0.95,4
62,35.0,130,89,178,0.64,1
68,38.3,122,75,190,0.63,1
50,24.6,132,96,211,0.77,3
25,21.6,116,66,158,0.01,0
58,20.4,146,76,183,0.79,4
86,33.6,166,90,330,0.92,2
37,27.7,143,89,249,0.76,1
55,25.7,118,94,180,0.77,4
18,23.1,104,67,179,0.0,0
61,23.1,158,87,236,0.65,3
72,32.3,143,96,327,0.86,2
58,37.2,144,84,239,0.66,1
31,24.0,119,65,172,0.11,0
35,37.6,134,79,218,0.85,1
61,32.4,142,96,332,0.88,2
35,19.3,118,67,133,0.03,0
71,27.1,166,97,269,0.66,3
36,19.4,115,72,140,0.0,0
37,31.7,127,94,247,0.86,1
23,24.6,112,58,156,0.0,0
30,22.0,109,77,180,0.04,0
18,24.0,120,71,159,0.03,0
71,37.5,159,94,263,0.69,2
54,38.6,138,83,184,0.66,1
40,29.3,149,87,220,0.72,1
48,40.0,136,85,223,0.65,1
18,18.9,105,65,138,0.05,0
34,26.0,112,60,140,0.0,0
67,22.6,153,71,203,0.88,4
38,17.0,122,75,151,0.04,0
56,33.2,149,117,263,0.68,2
72,19.8,129,69,186,0.99,4
68,32.3,169,94,260,0.98,2
45,32.0,166,113,279,0.79,2
57,31.1,155,80,228,0.71,1
74,29.3,136,89,224,0.77,4
34,36.9,150,98,231,0.84,1
81,25.2,135,81,213,0.8,4
84,36.1,166,108,297,0.84,2
48,23.5,160,97,215,0.61,3
22,22.5,112,50,176,0.1,0
44,30.9,153,94,218,0.88,1
77,30.1,142,94,194,0.64,1
79,21.5,150,90,244,0.86,4
70,34.1,129,88,237,0.62,1
81,26.6,180,105,294,0.75,2
38,23.0,105,52,187,0.0,0
81,19.9,147,75,176,0.76,4
23,19.6,111,62,185,0.0,0
79,24.1,125,74,159,0.79,4
69,31.1,179,95,268,0.76,2
33,20.1,117,68,184,0.1,0
71,31.5,150,90,213,0.76,2
71,35.5,128,81,200,0.91,1
39,35.8,154,91,222,0.72,1
69,35.4,142,89,226,0.74,1
18,21.2,115,66,137,0.02,0
32,23.2,107,77,183,0.13,0
28,19.1,105,70,126,0.0,0
61,33.5,149,113,276,0.94,2
66,35.4,155,90,218,0.83,1
82,29.9,159,113,277,0.89,2
70,27.4,169,99,309,0.89,2
77,25.7,165,107,256,0.79,2
79,28.4,154,111,245,0.77,2
47,28.2,160,100,274,0.65,3
68,25.7,183,92,302,0.93,2
18,20.9,111,63,162,0.02,0
51,36.2,157,97,300,0.68,3
42,26.6,145,81,233,0.69,1
51,30.8,132,88,220,0.89,1
31,22.5,120,61,176,0.06,0
66,30.1,128,84,250,0.73,1
47,31.7,155,77,207,0.76,1
74,28.1,140,81,255,0.72,4
42,18.7,102,69,144,0.05,0
52,36.7,141,89,191,0.63,1
67,38.6,130,82,253,0.68,1
59,31.7,143,80,162,0.77,4
34,18.9,109,60,143,0.0,0
69,26.2,126,92,241,1.0,4
19,24.5,121,82,172,0.09,0
52,36.7,151,86,285,0.87,2
66,28.8,143,80,190,0.87,4
51,36.0,149,97,284,0.99,2
40,33.3,120,91,195,0.84,1
75,25.2,168,88,205,0.97,4
60,32.8,148,90,258,0.7,1
62,33.1,164,85,249,0.6,3
25,20.2,111,61,151,0.11,0
72,28.4,133,81,246,0.93,1
34,25.5,125,85,145,0.09,0
60,32.3,142,96,279,0.92,2
67,24.2,109,77,154,0.87,4
44,20.9,107,60,177,0.01,0
39,33.2,118,89,222,0.72,1
55,28.2,145,94,214,0.86,3
50,31.0,142,95,262,0.62,3
64,28.1,146,81,235,0.77,1
52,33.1,168,110,261,0.76,2
58,30.1,130,79,200,0.91,4
71,19.2,127,86,199,0.94,4
21,21.4,115,70,183,0.0,0
42,30.5,117,85,213,0.64,1
39,38.6,115,92,218,0.73,1
67,27.5,158,88,255,1.0,3
65,34.4,148,108,240,0.89,2
21,21.2,116,74,180,0.07,0
19,20.7,122,69,159,0.06,0
71,36.8,136,97,286,0.97,2
40,22.6,100,74,153,0.04,0
20,21.9,115,62,169,0.05,0
29,26.5,98,72,177,0.05,0
84,25.3,136,109,282,0.82,2
66,21.9,154,95,242,0.66,4
39,23.1,129,68,151,0.12,0
27,23.1,102,66,170,0.05,0
54,21.9,109,103,152,0.76,4
65,25.2,108,88,204,0.87,1
79,27.4,162,100,270,0.95,3
63,39.8,153,85,203,0.61,1
64,24.0,160,99,190,0.96,4
34,20.2,109,59,180,0.0,0
22,22.1,111,78,191,0.04,0
34,25.4,104,67,185,0.0,0
18,20.9,117,73,161,0.01,0
67,25.9,166,85,295,0.92,3
58,27.1,153,89,205,0.86,3
76,21.7,111,97,225,0.82,4
64,28.2,162,105,244,0.79,2
41,23.3,145,87,213,0.85,1
42,24.7,119,68,176,0.03,0
41,39.3,137,83,213,0.62,1
77,23.1,164,99,204,0.86,3
64,27.9,170,85,220,0.6,3
81,34.2,166,99,299,0.91,2
19,21.4,131,74,174,0.11,0
57,26.7,141,81,154,0.84,4
40,24.0,113,71,169,0.02,0
50,35.9,147,89,177,0.74,1
40,24.2,106,70,190,0.11,0
71,22.1,155,96,250,0.81,3
51,24.4,143,93,206,0.96,3
65,30.6,125,103,231,0.91,3
71,38.7,116,77,199,0.82,1
70,29.9,162,94,258,0.7,2
43,32.5,157,89,242,0.85,1
64,28.0,129,85,226,0.75,1
65,26.3,147,87,285,0.82,2
70,22.8,106,98,185,0.82,4
83,22.3,136,95,254,0.73,4
56,21.5,106,94,169,0.76,4
25,20.1,105,75,180,0.0,0
79,30.6,146,90,252,0.77,3
54,21.8,154,79,207,0.81,4
25,24.9,104,56,189,0.11,0
62,38.7,146,87,166,0.82,1
56,28.2,171,114,306,0.84,2
66,39.0,181,112,217,0.66,2
40,23.2,109,72,176,0.0,0
33,24.3,102,65,159,0.07,0
61,35.4,153,83,244,0.84,1
43,34.1,138,88,260,0.67,1
65,34.9,126,81,203,0.65,1
34,22.9,115,72,169,0.07,0
28,19.7,108,83,171,0.02,0
61,21.9,132,80,186,0.89,4
43,21.0,122,63,166,0.15,0
64,23.5,146,88,228,0.68,4
67,38.0,135,98,242,0.84,1
59,31.5,177,116,292,0.91,2
65,18.0,142,68,184,1.0,4
75,25.9,126,74,259,0.89,4
64,19.0,145,70,200,0.96,4
85,31.1,136,84,205,0.82,4
68,35.6,148,81,183,0.7,1
46,26.0,146,97,253,0.72,3
72,27.0,140,91,214,0.75,4
58,30.9,181,101,262,0.89,2
42,30.9,136,82,239,0.87,1
57,29.7,127,83,210,0.91,1
66,36.4,160,97,242,0.96,2
67,26.5,158,100,233,0.61,3
47,39.2,157,88,203,0.82,1
49,26.2,151,106,263,0.68,3
71,32.4,167,88,280,0.87,2
54,38.3,160,86,229,0.78,1
54,21.2,138,88,243,0.84,3
47,37.8,136,79,249,0.83,1
51,25.9,130,91,251,0.68,3
32,20.1,113,61,175,0.01,0
70,27.7,147,82,205,0.89,1
36,31.0,128,73,221,0.84,1
58,20.1,140,84,185,0.94,4
41,30.4,162,85,220,0.71,1
37,38.4,155,89,248,0.84,1
67,25.9,173,120,254,0.98,2
33,15.0,116,67,149,0.02,0
30,38.6,116,96,230,0.8,1
71,21.8,144,70,229,0.94,4
71,34.1,145,90,244,0.72,1
76,27.6,126,91,206,0.8,1
57,30.3,169,100,265,0.65,3
46,28.3,145,87,229,0.75,1
31,22.9,108,70,135,0.0,0
81,28.0,122,89,141,0.99,4
70,36.1,145,89,184,0.74,1
57,22.7,150,76,223,1.0,4
24,20.9,99,65,185,0.05,0
74,24.9,119,90,215,0.89,4
68,25.9,106,92,173,0.71,4
45,24.4,103,60,146,0.06,0
48,20.6,110,67,165,0.03,0
45,35.1,134,90,194,0.9,1
37,20.2,99,71,124,0.03,0
76,20.8,110,93,152,0.99,4
41,25.0,112,67,189,0.11,0
49,25.7,166,108,226,0.99,2
73,26.1,129,75,164,0.91,4
70,32.8,165,99,255,0.82,3
76,33.0,151,100,301,0.84,2
64,37.3,153,91,240,0.72,1
50,34.3,166,106,200,0.89,3
72,29.2,132,91,234,0.87,1
79,29.3,162,97,287,0.75,3
39,23.2,114,75,154,0.03,0
53,29.9,140,87,279,0.82,2
76,28.7,139,92,235,0.83,3
30,18.2,128,57,157,0.0,0
72,33.9,155,110,296,0.77,2
48,33.3,152,104,226,0.85,3
67,20.2,138,84,178,0.79,4
50,39.0,162,92,260,0.76,2
33,17.6,119,69,166,0.11,0
46,21.3,98,80,159,0.2,0
78,19.8,126,95,217,0.95,4
49,30.9,125,99,275,0.92,3
54,31.6,158,95,252,0.89,2
55,30.8,140,97,286,0.82,2
63,23.1,162,96,223,0.76,4
76,31.2,160,97,229,0.8,2
59,30.3,151,94,216,0.81,3
68,35.1,169,92,266,0.98,3
54,26.4,136,77,221,0.78,1
25,23.0,122,65,143,0.0,0
50,27.9,148,101,245,0.75,3
72,28.3,174,92,289,0.89,2
50,33.0,154,88,226,0.76,1
63,31.8,158,83,234,0.88,3
67,24.1,102,97,172,0.85,4
83,29.8,143,107,240,0.93,2
28,22.5,108,63,160,0.02,0
30,20.1,123,80,162,0.0,0
71,26.1,172,111,265,0.8,2
44,32.1,124,94,190,0.76,1
56,27.9,144,98,278,1.0,2
42,36.0,115,92,248,0.74,1
60,28.5,161,91,219,0.7,1
72,24.9,132,108,286,0.72,2
33,19.9,110,63,174,0.01,0
71,28.3,174,94,199,0.94,3
78,30.4,149,88,240,0.62,3
41,30.2,121,88,190,0.69,1
60,27.1,123,95,236,0.82,1
58,30.8,154,92,206,0.66,3
54,34.5,131,92,250,0.87,3
81,24.6,135,93,198,0.98,4
64,27.5,173,110,224,0.88,3
46,34.7,138,84,240,0.82,1
54,30.0,134,106,260,0.71,2
29,18.2,122,65,147,0.11,0
38,20.9,108,72,162,0.0,0
68,24.8,115,82,193,0.98,4
63,28.5,142,113,245,0.77,2
32,24.9,121,66,138,0.15,0
34,26.4,134,81,198,0.68,1
39,32.0,141,77,228,0.61,1
30,17.8,116,72,136,0.0,0
70,38.2,150,98,264,0.83,1
53,28.9,164,86,205,0.79,4
61,31.6,149,77,242,0.79,4
55,37.7,144,82,213,0.83,1
45,23.7,137,93,211,0.91,3
78,24.3,133,93,274,0.75,3
33,22.5,110,66,169,0.0,0
28,22.3,132,72,167,0.0,0
78,24.5,170,98,278,0.92,3
62,33.7,145,100,228,0.51,1
45,21.2,123,71,147,0.0,0
74,24.6,144,78,248,0.87,4
76,34.9,174,104,280,0.91,2
81,30.1,163,91,241,0.79,2
28,24.5,113,73,176,0.08,0
39,15.0,123,60,148,0.0,0
59,36.8,147,89,221,0.63,1
20,23.8,96,58,168,0.16,0
26,23.7,119,63,189,0.14,0
58,27.3,109,70,184,0.92,4
68,27.3,115,81,213,0.92,4
80,34.4,164,97,317,0.83,2
42,35.5,129,89,215,0.89,1
49,34.4,137,90,251,0.89,1
50,39.0,152,111,284,0.98,2
72,35.2,127,82,222,0.59,1
49,33.6,154,82,213,0.75,1
76,25.6,126,81,223,0.74,4
23,22.8,98,57,176,0.0,0
56,29.1,146,86,255,0.75,1
52,29.2,150,94,266,0.79,2
70,32.6,127,89,205,0.63,1
51,27.1,154,76,224,0.66,1
45,31.9,151,92,229,0.72,1
23,23.5,117,71,166,0.02,0
73,27.3,165,92,265,0.67,3
38,22.7,108,70,164,0.12,0
30,19.7,118,79,141,0.05,0
35,33.6,123,94,264,0.73,1
31,18.5,112,81,180,0.03,0
69,38.8,149,81,259,0.77,1
68,32.2,139,84,190,0.82,1
55,29.0,161,88,208,0.97,1
64,33.8,129,85,239,0.76,1
75,37.1,181,96,270,0.89,2
70,26.4,142,91,226,0.83,3
39,24.9,98,60,170,0.09,0
29,16.3,123,79,139,0.07,0
46,41.5,120,81,225,0.59,1
66,33.8,164,101,252,0.97,3
66,33.6,159,87,201,0.79,1
51,29.5,131,88,271,0.88,3
70,22.3,116,81,248,0.83,4
47,30.0,132,101,224,0.88,3
39,28.8,146,87,198,0.7,1
63,28.4,156,78,233,0.53,1
32,24.5,114,75,144,0.0,0
57,25.6,121,88,177,1.0,4
34,25.7,118,61,163,0.11,0
31,23.2,108,81,137,0.02,0
63,26.7,147,90,204,0.92,4
63,27.9,125,74,219,0.88,4
52,29.7,159,104,241,0.75,2
22,16.6,106,68,127,0.08,0
70,27.1,157,111,272,0.77,2
61,32.1,145,77,195,0.62,1
64,37.9,153,96,227,0.76,1
40,31.1,152,74,192,0.83,1
40,18.3,118,66,176,0.1,0
52,20.3,151,92,242,0.9,3
63,22.3,111,64,236,0.82,4
34,22.7,105,69,144,0.12,0
50,32.4,170,97,247,0.82,3
76,21.5,126,74,197,0.8,4
32,37.5,149,81,195,0.66,1
67,22.3,152,71,209,0.91,4
45,30.3,136,101,266,0.76,3
51,34.9,138,84,185,0.75,1
61,18.3,122,72,204,0.96,4
54,37.1,124,84,238,0.7,1
51,27.8,186,106,272,0.93,2
57,34.4,145,113,295,0.87,2
39,20.6,117,74,182,0.13,0
71,31.0,180,102,291,0.82,2
68,29.3,170,95,213,0.69,3
22,18.4,130,67,147,0.1,0
59,32.8,146,89,247,0.9,3
72,25.2,121,89,221,0.9,4
37,42.1,127,89,255,0.58,1
73,22.5,129,91,245,0.9,4
64,40.5,162,84,198,0.64,1
59,31.0,174,86,240,0.75,3
87,35.0,172,92,279,0.84,2
57,17.0,136,86,235,0.88,4
78,36.9,161,105,299,0.93,2
61,36.4,124,87,228,0.74,1
80,31.7,162,96,290,0.86,2
44,34.7,128,93,206,0.71,1
18,18.6,120,67,160,0.1,0
26,23.9,124,67,202,0.06,0
75,21.9,116,71,164,1.0,4
65,32.6,144,95,282,0.97,2
34,23.7,112,72,126,0.1,0
74,27.0,104,96,237,0.81,4
75,24.3,174,93,229,0.64,3
65,26.7,104,84,195,0.95,4
38,18.7,126,74,181,0.06,0
74,23.3,125,92,190,0.95,4
65,36.3,115,87,213,0.82,1
38,20.0,100,61,164,0.05,0
57,22.3,113,93,180,0.9,4
25,23.0,106,75,168,0.03,0
68,41.0,150,83,264,0.86,1
66,35.1,118,91,194,0.69,1
31,21.9,107,58,186,0.0,0
41,41.7,150,87,204,0.72,1
44,28.3,147,82,207,0.93,1
63,33.2,149,95,313,0.85,2
26,22.3,111,78,165,0.08,0
44,35.6,132,84,255,0.68,1
42,18.8,93,74,172,0.05,0
33,24.5,103,73,144,0.0,0
74,25.6,174,104,218,0.52,3
80,38.0,153,98,319,0.92,2
60,21.5,129,82,193,0.86,4
22,23.5,113,64,169,0.07,0
47,30.2,120,91,199,0.78,1
52,31.3,165,88,331,0.97,2
47,38.6,152,81,267,0.83,1
31,23.4,102,54,195,0.06,0
70,30.8,149,105,247,0.79,2
72,31.8,156,98,259,0.83,3
37,31.7,136,77,203,0.95,1
36,31.1,128,82,199,0.86,1
80,35.7,191,104,323,0.78,2
40,30.6,128,85,207,0.69,1
68,28.1,132,91,233,0.97,2
65,20.3,149,74,225,0.93,4
61,28.3,145,83,194,0.56,3
24,19.1,100,68,171,0.05,0
58,23.9,161,84,255,0.77,3
59,19.6,123,87,183,0.97,4
69,28.6,156,96,242,0.88,3
54,24.9,147,104,232,0.74,2
32,21.8,114,52,160,0.13,0
65,27.2,153,97,264,0.74,3
63,28.2,153,92,241,0.77,4
63,30.4,140,100,250,0.79,3
45,30.2,166,81,229,0.87,1
20,19.9,109,66,143,0.03,0
47,31.2,125,76,265,0.92,1
47,32.0,143,91,205,0.8,3
58,33.1,155,78,166,0.84,1
38,19.5,116,79,170,0.06,0
48,35.0,131,96,184,0.77,1
32,23.0,105,63,173,0.11,0
46,21.6,103,64,158,0.01,0
69,28.2,120,96,217,0.84,1
20,24.9,117,62,184,0.0,0
23,23.9,125,60,171,0.06,0
63,38.7,157,92,263,0.93,2
36,27.1,120,78,174,0.83,1
48,33.0,152,82,183,0.73,1
23,21.1,121,67,153,0.0,0
53,24.3,165,101,310,0.95,2
81,23.1,174,112,248,0.92,2
43,15.0,124,75,147,0.14,0
73,28.8,143,93,302,0.85,2
70,34.0,175,104,277,0.9,2
32,23.6,96,77,161,0.12,0
66,29.3,144,94,183,0.78,1
68,26.8,150,88,260,0.98,2
38,24.5,128,73,158,0.14,0
51,38.6,133,97,189,0.69,1
29,24.3,110,57,174,0.0,0
59,30.4,131,90,193,0.81,1
67,38.3,146,95,226,0.65,1
56,34.9,148,95,229,0.88,3
67,23.4,172,84,220,0.64,3
58,38.5,153,85,187,0.67,1
47,22.1,141,94,215,0.68,3
29,23.1,98,70,177,0.11,0
59,28.2,151,97,286,0.82,2
67,28.1,147,84,234,0.62,1
67,27.6,141,105,207,0.88,4
75,35.8,148,93,266,0.96,3
40,18.1,116,59,148,0.16,0
74,43.2,124,89,246,0.9,1
39,21.8,111,60,130,0.0,0
46,22.4,110,81,178,0.06,0
51,26.3,140,90,201,0.86,3
20,25.0,114,71,153,0.0,0
60,32.2,123,87,209,0.87,1
28,22.3,118,72,141,0.04,0
70,39.0,156,84,184,0.74,1
18,20.0,117,65,193,0.05,0
60,29.3,155,69,156,0.8,4
85,34.7,171,95,238,0.83,2
26,19.5,120,66,184,0.01,0
26,23.5,127,58,162,0.01,0
67,27.6,147,89,222,0.72,1
56,26.9,168,92,277,0.74,3
74,32.6,142,90,241,0.78,3
55,41.8,134,86,223,0.86,1
55,33.7,136,78,225,0.69,3
28,19.3,112,67,174,0.05,0
64,33.9,136,89,262,0.68,3
59,32.3,161,80,213,0.72,1
82,30.1,169,100,302,1.0,2
54,38.0,145,103,262,0.97,2
50,36.4,155,105,317,0.73,2
33,20.3,127,70,203,0.04,0
73,33.5,157,93,184,0.7,3
67,22.0,133,92,277,0.85,3
51,27.1,168,82,274,0.81,2
27,21.6,118,64,181,0.06,0
30,20.5,106,77,149,0.07,0
41,25.6,142,87,272,0.91,3
68,32.5,152,91,187,0.76,1
72,34.4,157,99,316,0.96,2
78,25.4,161,97,229,0.76,3
68,39.4,151,84,168,0.79,1
76,37.8,161,117,291,0.98,2
65,23.2,132,99,255,0.67,3
65,25.5,141,81,215,0.75,4
48,33.7,131,84,254,0.73,1
78,25.1,138,85,245,0.93,4
60,40.3,134,77,206,0.67,1
19,25.9,117,68,151,0.04,0
62,40.1,161,81,206,0.66,1
77,18.5,141,70,195,0.94,4
74,26.0,164,106,262,0.95,2
34,31.8,127,99,254,0.69,1
59,33.3,143,83,229,0.66,3
67,24.1,113,90,188,0.94,4
67,22.3,153,97,235,0.63,3
74,24.3,145,95,243,0.84,2
80,38.1,158,104,245,0.96,2
49,29.7,113,93,229,0.83,1
31,18.7,109,66,158,0.02,0
18,27.1,98,71,194,0.05,0
73,20.5,133,89,206,1.0,4
70,21.1,142,106,243,0.7,3
51,29.2,129,77,188,0.88,1
24,24.3,110,64,183,0.0,0
71,32.4,152,93,274,0.68,3
50,27.1,159,87,260,0.89,1
90,29.0,115,97,239,0.88,4
24,23.5,106,75,160,0.1,0
70,29.2,134,90,238,0.74,3
72,27.8,124,102,188,0.86,4
73,34.6,161,97,311,0.82,2
72,30.0,142,93,230,0.63,1
39,32.2,135,94,185,0.63,1
54,33.3,135,78,213,0.79,1
63,35.0,134,99,261,0.78,3
62,25.0,140,75,251,0.9,4
39,19.5,106,62,143,0.05,0
27,20.5,116,71,206,0.09,0
54,35.1,177,102,302,0.85,2
36,22.2,114,75,142,0.08,0
60,36.1,177,110,232,0.73,2
75,23.1,175,89,213,0.9,3
80,33.4,141,106,318,0.94,2
67,25.0,137,92,230,0.77,4
80,29.4,136,71,172,0.89,4
59,15.0,123,86,218,0.97,4
64,31.4,177,113,278,0.9,2
27,18.2,125,77,168,0.14,0
66,36.2,157,86,197,0.79,1
29,21.7,120,71,169,0.09,0
39,31.9,157,95,174,0.87,1
76,22.6,158,96,246,0.91,3
50,30.5,157,88,203,0.65,3
40,17.5,112,71,172,0.06,0
49,35.0,118,74,190,0.83,1
22,22.3,123,65,175,0.01,0
46,24.2,112,64,160,0.12,0
22,22.4,123,71,179,0.0,0
66,30.2,144,86,214,0.7,1
39,20.6,115,70,168,0.11,0
70,18.9,121,96,163,0.9,4
72,15.0,158,76,236,0.85,4
52,29.6,135,89,212,0.57,1
31,16.3,107,70,153,0.0,0
62,29.7,147,94,241,0.81,1
26,22.6,98,76,197,0.0,0
72,27.7,122,70,192,1.0,4
59,28.7,178,104,282,0.87,2
53,42.4,156,100,238,0.82,1
18,20.0,99,72,142,0.13,0
30,20.1,106,66,178,0.12,0
33,19.0,118,59,153,0.1,0
53,31.0,158,96,242,0.72,3
36,24.7,125,57,170,0.09,0
49,27.5,122,91,220,0.8,1
35,25.0,97,60,193,0.12,0
62,26.5,136,88,191,0.73,3
72,17.5,124,72,182,0.74,4
58,22.8,152,73,198,0.86,4
68,18.4,137,96,212,0.82,4
42,30.8,123,88,186,0.9,1
55,25.3,143,102,282,0.91,2
26,19.7,101,79,133,0.04,0
59,22.8,146,90,175,0.91,4
36,37.8,152,94,185,0.71,1
74,28.7,152,99,134,0.96,4
74,20.7,140,85,257,0.84,3
59,27.0,126,67,230,0.92,4
43,21.0,100,63,156,0.08,0
18,17.7,121,76,150,0.06,0
27,21.3,112,68,152,0.11,0
62,30.6,142,97,203,0.83,1
69,35.6,163,114,238,0.76,2
70,28.5,116,84,150,0.79,4
46,30.5,142,105,264,0.92,3
64,31.6,186,111,257,0.88,2
53,32.7,138,81,248,0.63,1
26,24.0,101,71,184,0.05,0
72,31.7,128,101,224,0.61,3
58,32.4,153,110,219,0.84,2
76,16.5,124,98,181,0.91,4
74,31.6,141,103,245,0.73,3
42,23.0,124,62,165,0.06,0
59,37.3,181,105,284,0.83,2
75,22.6,119,77,238,0.7,3
76,29.0,162,92,317,0.99,2
45,29.6,155,99,254,0.8,1
48,30.6,141,92,212,0.81,1
81,24.6,139,101,192,0.78,4
61,28.0,119,86,236,0.83,1
