age,bmi,chronic_count,severity,vital_stability,hospital_stay,recovery_prob,icu_risk,readmission_risk
69,40.8,2,8,0.64,18,38.6,84.9,53.2
39,19.8,3,6,0.1,16,43.5,69.1,52.0
77,27.1,2,7,0.98,19,47.1,61.2,52.7
35,40.8,3,2,0.45,11,67.7,37.7,37.8
52,39.9,3,2,0.7,10,64.6,23.8,37.5
80,38.3,3,2,0.46,12,60.9,44.5,36.4
79,26.1,4,2,0.59,14,58.4,36.5,53.2
46,37.4,0,9,0.99,14,55.2,66.6,33.5
50,32.7,1,7,0.69,13,53.5,65.5,30.9
54,35.6,2,3,0.52,11,64.4,38.2,40.0
31,30.1,0,3,0.13,5,77.3,32.1,17.9
40,32.7,2,4,0.95,13,73.7,34.5,33.8
79,33.4,3,4,0.9,16,57.3,46.3,47.9
18,23.9,0,4,0.42,6,75.3,20.7,27.6
68,24.8,2,6,0.3,12,48.3,67.5,47.2
29,24.4,1,3,0.37,8,81.7,27.4,24.3
19,31.0,1,6,0.32,14,63.3,55.4,27.3
41,29.6,1,6,0.46,14,59.3,53.1,28.4
20,32.4,2,4,0.11,8,63.9,40.5,37.1
50,27.8,1,8,0.22,16,40.8,79.7,38.2
77,24.6,0,5,0.91,9,68.0,43.7,20.3
20,38.6,0,8,0.87,14,68.4,53.4,23.0
42,18.6,1,2,0.72,4,83.3,11.1,21.9
38,22.7,2,1,0.38,8,87.4,13.4,29.4
47,41.4,4,3,0.9,14,67.4,53.1,45.2
81,38.8,3,3,0.61,13,57.5,49.0,44.0
54,40.3,0,5,0.62,9,64.0,37.8,15.8
35,31.6,1,3,0.61,8,74.0,30.1,21.9
34,38.4,0,6,0.42,13,61.0,47.9,25.5
30,20.4,0,4,0.82,10,82.8,22.8,14.5
32,27.3,1,7,0.7,11,57.1,52.3,34.7
59,37.8,2,5,0.57,12,57.8,48.7,41.0
64,34.9,3,2,0.56,13,63.5,33.4,33.4
72,24.4,1,5,0.17,18,48.5,49.3,36.9
65,22.8,4,5,0.67,20,48.5,71.9,54.3
84,24.3,2,5,0.21,15,43.4,63.2,45.5
79,35.0,3,5,0.53,16,42.5,71.4,46.1
86,39.3,3,3,0.55,14,57.5,47.2,47.1
49,40.6,3,2,0.62,10,69.2,33.6,41.5
82,41.1,1,2,0.14,8,66.0,29.8,37.5
51,24.6,3,5,0.41,16,51.2,48.9,54.0
41,37.5,0,3,0.47,10,75.0,25.5,15.3
54,24.1,4,7,0.78,21,42.3,78.6,58.0
66,19.8,4,9,0.86,22,30.0,91.0,74.5
33,29.0,2,9,0.6,17,43.5,80.2,54.2
35,41.3,0,1,0.19,5,82.6,8.8,12.9
54,24.0,4,1,0.89,9,73.3,16.3,44.4
48,29.8,3,6,0.73,14,48.4,53.1,46.0
75,35.9,4,9,0.77,20,29.1,92.9,59.0
42,38.9,4,6,0.82,16,52.0,62.7,53.4
53,31.5,3,9,0.57,23,36.2,95.0,56.1
20,39.7,0,8,0.46,13,54.7,61.1,23.6
25,26.8,1,5,0.98,5,75.5,34.3,26.2
46,21.6,2,6,0.95,15,64.2,53.7,36.6
22,19.1,0,6,0.83,6,76.0,35.2,23.3
18,18.8,3,1,0.58,7,82.8,26.0,31.6
34,24.2,0,1,0.96,1,97.5,1.0,10.2
89,19.0,1,2,0.53,9,69.4,26.4,38.7
40,36.2,4,2,0.82,10,73.7,31.9,42.4
47,31.5,2,2,0.41,12,71.6,37.3,25.2
68,34.9,4,4,0.51,16,51.4,51.8,60.1
60,24.1,2,9,0.51,16,39.1,81.3,55.1
21,26.6,2,3,0.56,8,76.2,32.1,25.8
59,22.7,4,6,0.21,16,36.8,79.9,53.6
62,26.1,1,9,0.53,19,44.4,77.9,40.8
43,38.9,0,3,0.27,7,69.6,39.1,17.2
19,36.1,2,8,0.22,18,47.0,73.6,49.6
32,21.0,4,7,0.39,16,38.6,87.0,63.0
84,33.7,1,4,0.58,16,60.3,38.0,32.4
58,26.4,3,2,0.32,7,63.2,36.1,36.4
21,38.5,0,7,0.15,15,57.4,66.2,27.7
79,40.3,2,8,0.53,19,36.7,84.4,49.6
29,21.2,1,6,0.62,12,59.4,44.1,29.8
67,29.2,4,7,0.59,21,33.1,93.5,60.8
52,26.7,0,5,0.85,10,70.0,35.8,26.5
81,36.9,2,9,0.78,21,34.9,81.7,51.0
43,39.8,0,9,0.71,19,48.7,67.7,35.3
40,28.8,0,9,0.42,18,39.3,60.2,40.2
84,33.3,1,4,0.81,13,69.0,39.5,31.9
55,36.2,4,5,0.8,14,51.0,58.7,60.5
55,31.1,3,8,0.64,25,39.4,67.3,54.2
62,35.4,2,3,0.61,12,70.4,30.3,31.5
40,29.4,2,8,0.56,16,45.5,81.7,48.4
54,35.1,1,1,0.62,3,87.5,13.3,19.2
28,29.1,4,5,0.25,16,49.6,58.4,49.8
57,32.8,0,5,0.4,10,56.8,47.5,25.8
19,29.4,2,2,0.93,4,86.4,12.2,22.1
42,30.2,4,8,0.38,19,36.9,85.4,61.6
66,22.7,3,9,0.23,21,24.5,95.0,65.3
18,25.8,2,8,0.91,13,54.5,61.2,36.7
57,32.3,0,3,0.51,3,76.7,31.4,10.1
80,20.9,4,7,0.95,16,35.9,71.4,68.8
72,22.2,1,7,0.69,17,45.0,60.0,41.1
25,20.8,2,4,0.95,8,71.8,27.0,26.6
24,35.8,4,3,0.21,12,63.8,51.2,48.9
86,26.5,1,2,0.43,13,63.9,35.3,27.6
41,21.2,2,7,0.82,14,53.9,61.3,33.8
42,24.6,2,4,0.22,13,61.7,52.8,40.0
59,32.0,1,1,0.46,10,78.1,12.1,17.6
57,24.4,4,9,0.54,24,28.6,95.0,66.1
63,19.6,3,6,0.76,16,46.4,60.3,44.3
57,28.8,3,1,0.75,9,75.4,25.0,33.5
39,35.7,0,4,0.59,9,73.3,29.9,13.4
83,21.0,0,8,0.76,21,45.5,57.6,33.6
20,20.3,3,3,0.34,6,71.5,32.6,37.0
79,41.0,2,8,0.68,21,40.2,78.4,51.4
29,23.7,1,9,0.95,17,53.4,67.0,34.5
76,40.7,1,4,0.86,13,63.4,36.5,27.2
77,29.8,2,5,0.58,11,47.6,62.5,44.3
21,37.1,0,2,0.57,6,87.7,3.3,2.0
51,19.0,4,2,0.95,12,68.4,28.7,32.1
74,32.1,3,9,0.79,18,26.1,84.6,63.6
20,29.5,1,4,0.74,5,79.0,26.0,17.4
85,23.6,1,5,0.81,13,54.4,58.3,31.4
42,36.0,3,8,0.95,19,51.6,63.6,50.8
74,23.7,0,3,0.84,9,77.7,22.5,11.9
37,41.9,4,3,0.78,9,67.9,37.0,46.9
85,32.1,1,9,0.45,20,26.2,85.7,48.9
42,31.4,2,2,0.47,6,71.4,26.8,36.5
87,41.1,4,5,0.99,18,47.2,70.9,59.9
57,31.8,4,1,0.89,10,76.4,29.7,42.6
70,34.5,2,6,0.27,19,43.3,69.7,47.4
19,38.1,4,7,0.27,17,41.5,73.4,59.1
77,18.7,4,3,0.22,18,47.3,53.1,55.0
54,20.9,3,4,0.72,12,59.1,44.6,43.5
27,29.6,1,8,0.14,17,44.8,71.9,32.0
68,24.4,1,2,0.35,7,68.7,31.8,30.8
49,20.4,3,6,0.22,13,42.3,77.2,49.2
51,23.5,0,9,0.74,14,56.0,61.3,33.7
34,20.6,2,2,0.78,5,81.2,25.4,26.8
42,18.5,0,4,0.49,9,67.6,31.2,16.4
19,37.2,2,1,0.11,6,76.8,34.0,24.1
49,33.9,0,1,0.96,4,93.6,1.0,8.3
63,21.8,3,4,0.41,14,51.1,52.0,51.7
83,41.5,1,2,0.84,9,72.0,22.9,28.0
49,25.5,3,8,0.95,20,46.7,71.1,61.3
21,32.5,1,3,0.14,8,69.2,34.7,30.4
29,22.2,4,3,0.3,13,59.5,47.7,56.4
87,35.4,4,8,0.98,19,33.6,83.3,66.5
80,23.3,3,1,0.88,11,73.8,15.1,32.9
37,30.4,1,1,0.56,4,85.4,18.0,10.4
51,37.1,1,3,0.63,12,76.8,24.5,25.8
25,28.0,1,2,0.26,7,82.2,24.5,19.1
31,30.6,0,4,0.63,7,73.3,19.1,20.5
57,32.6,3,7,0.51,18,37.6,80.2,52.4
18,29.1,2,1,0.33,3,77.9,8.8,28.5
54,36.9,3,8,0.63,18,40.1,78.6,53.5
19,21.4,4,4,0.15,11,58.4,57.8,47.1
29,22.0,4,2,0.97,10,77.3,31.4,26.5
67,26.6,3,7,0.13,22,30.1,87.9,55.7
18,35.7,4,6,0.88,15,54.9,57.8,57.2
34,38.0,0,8,0.82,14,61.1,58.6,33.7
79,34.0,1,6,0.39,15,47.7,59.0,39.0
21,34.2,1,2,0.89,6,87.9,1.1,10.0
88,18.6,0,7,0.61,18,40.7,66.7,43.6
52,23.8,1,3,0.25,12,68.8,51.1,28.3
89,30.7,3,5,0.83,13,48.7,47.1,48.4
87,36.1,3,5,0.28,17,41.6,68.9,57.9
51,22.4,3,5,0.36,17,48.8,51.4,50.5
53,35.4,1,1,0.98,5,91.4,2.3,17.1
80,21.0,1,8,0.97,20,45.3,63.7,40.9
64,40.9,4,6,0.63,19,45.9,69.9,55.0
59,39.7,0,5,0.37,13,62.2,49.5,28.4
36,33.2,0,7,0.63,14,58.2,48.8,27.5
39,19.1,2,7,0.59,14,47.0,63.6,52.9
19,25.0,4,2,0.46,13,69.5,37.4,48.1
56,36.7,3,8,0.68,16,43.9,72.4,50.6
85,28.9,3,2,0.7,12,60.4,40.2,35.9
84,31.0,4,3,0.27,15,45.5,49.6,54.8
39,31.7,3,5,0.26,12,54.0,56.0,48.2
72,36.3,0,8,0.82,14,48.4,68.1,33.4
38,20.7,1,8,0.78,15,52.7,65.5,39.4
31,21.3,1,2,0.44,4,77.7,26.0,19.9
79,29.0,3,2,0.56,12,64.2,39.0,42.2
52,34.3,1,6,0.23,16,49.9,57.6,35.2
37,32.0,1,9,0.62,13,45.4,67.9,41.2
71,38.0,3,3,0.96,12,67.6,36.7,36.0
85,21.7,3,4,0.5,16,46.9,59.7,45.0
77,27.1,2,5,0.8,13,54.6,48.6,39.2
45,25.6,2,7,0.72,15,49.4,54.9,45.9
69,33.9,1,5,0.9,9,61.6,35.9,23.3
31,22.7,4,6,0.97,13,54.6,65.6,48.9
38,36.4,1,8,0.58,14,50.1,56.2,45.8
69,24.8,4,4,0.88,16,51.2,54.4,56.5
46,29.3,4,1,0.96,7,80.0,19.0,45.4
46,25.1,1,8,0.52,19,50.9,70.2,42.7
34,20.1,4,3,0.2,12,59.3,54.8,54.6
68,20.2,0,5,0.56,10,54.6,37.0,18.6
22,34.0,1,6,0.17,15,58.2,51.6,35.8
83,34.2,2,1,0.33,10,65.8,29.9,36.8
27,37.3,3,8,0.2,20,39.2,95.0,57.2
28,19.5,0,8,0.64,13,55.3,46.0,31.2
39,24.9,3,5,0.71,12,58.9,55.3,42.0
29,40.1,1,5,0.78,12,70.0,40.6,28.0
39,41.6,3,2,0.2,9,67.1,37.7,41.6
40,38.3,4,6,0.59,17,55.7,71.0,48.7
46,20.7,3,9,0.79,19,34.7,82.4,52.4
27,35.9,2,2,0.42,8,80.9,17.8,22.9
87,39.1,4,4,0.45,19,45.9,62.1,57.6
71,34.8,4,6,0.25,18,31.5,86.1,63.3
31,35.5,4,7,0.73,17,45.2,79.6,62.1
77,37.9,0,3,0.15,13,61.1,41.1,28.1
81,30.7,4,4,0.21,15,44.2,65.1,59.7
64,42.0,3,6,0.68,20,44.0,63.5,51.9
87,41.8,3,7,0.61,17,36.4,72.1,53.7
87,30.7,4,3,0.95,13,51.7,49.0,48.9
81,29.8,1,4,0.14,13,49.9,51.1,40.4
47,25.1,1,6,0.34,15,53.7,52.4,31.7
71,28.6,0,6,0.16,14,49.6,59.5,28.7
50,36.6,1,8,0.59,19,46.2,70.9,44.5
54,41.6,1,5,0.69,12,58.8,45.3,30.0
29,26.7,0,1,0.24,3,83.9,10.0,15.0
41,21.2,1,9,0.81,21,50.7,72.8,37.0
22,40.7,0,2,0.19,5,85.7,12.4,16.8
57,21.1,2,3,0.15,10,61.8,40.9,36.0
85,36.3,4,6,0.25,23,32.6,93.1,74.7
20,39.9,0,4,0.82,5,75.9,15.5,11.3
86,41.2,3,8,0.36,22,31.0,95.0,65.9
64,23.1,1,4,0.6,12,60.6,42.7,28.6
57,30.4,3,1,0.13,13,63.3,32.0,44.0
87,41.2,2,9,0.82,22,32.6,86.3,54.1
38,35.5,1,4,1.0,9,74.2,23.1,23.6
22,41.4,3,9,0.84,21,46.2,76.1,43.4
64,33.8,0,5,0.33,13,59.3,38.1,28.0
45,37.9,0,5,0.48,11,67.2,41.6,17.8
40,33.1,0,5,0.83,8,74.4,29.8,15.7
45,34.5,0,4,0.3,9,70.6,41.9,25.6
42,23.6,4,3,0.79,14,63.8,39.6,46.3
26,37.0,4,2,0.69,8,69.4,24.8,38.1
89,21.5,2,4,0.12,15,46.3,62.1,50.2
45,18.9,0,7,0.58,12,63.7,51.5,26.6
53,20.8,0,1,0.52,7,79.7,2.9,7.4
58,19.6,3,8,0.89,16,38.0,82.0,54.2
65,19.3,2,2,0.62,7,72.4,28.3,25.5
78,19.3,2,1,0.16,9,65.6,32.0,38.9
32,32.6,1,4,0.5,13,74.4,42.6,28.3
21,34.4,3,4,0.45,15,64.0,45.8,42.2
72,41.6,0,2,0.43,7,73.3,19.7,15.9
82,29.1,4,1,0.66,6,59.1,47.6,44.3
78,18.6,0,8,0.13,18,35.2,78.6,46.1
79,27.8,0,9,0.84,19,41.1,76.2,37.1
72,39.0,4,3,0.51,17,51.5,53.9,56.0
29,34.4,0,7,0.96,12,68.4,40.7,23.5
85,27.5,3,2,0.18,15,61.0,46.4,50.8
32,36.1,1,9,0.68,17,50.9,65.1,38.6
56,39.0,3,6,0.21,15,42.5,72.8,53.4
52,29.0,4,5,0.21,13,46.3,74.5,63.7
45,27.6,2,2,0.46,9,70.2,29.1,34.1
49,37.8,3,9,0.49,22,27.9,95.0,52.6
50,30.9,1,8,0.25,16,42.6,76.1,34.4
35,33.5,2,1,0.19,7,79.7,24.6,32.6
82,21.0,0,2,0.54,8,71.2,21.1,20.9
44,23.4,2,3,0.12,10,67.6,45.2,35.0
54,41.0,4,3,0.9,14,65.1,40.3,47.8
39,31.2,4,9,0.6,24,34.0,90.7,69.4
59,37.9,4,3,0.26,18,53.4,57.8,51.2
85,26.7,3,8,1.0,20,35.7,82.2,54.6
41,33.1,4,7,0.46,18,38.9,71.4,61.2
81,32.4,1,6,0.58,15,50.3,55.3,42.2
63,19.3,0,3,0.52,9,73.2,27.5,23.5
50,31.7,2,9,0.43,21,36.9,74.4,45.2
64,36.5,3,7,0.96,17,45.9,66.6,55.6
89,20.0,2,5,0.56,17,48.7,58.5,43.7
60,39.0,1,5,0.42,12,59.9,54.4,35.9
88,18.6,2,1,0.41,9,66.7,31.7,36.5
18,38.4,1,8,0.46,13,56.3,66.8,28.0
31,37.5,4,2,0.11,10,63.9,41.6,49.6
77,21.9,1,8,0.37,17,34.5,82.1,45.4
70,38.3,0,9,0.3,22,35.6,83.0,37.3
49,29.1,1,4,0.66,10,67.2,38.6,22.7
70,37.4,3,7,0.75,16,40.8,68.2,57.9
66,26.0,0,2,0.35,7,74.2,26.3,15.0
46,40.4,0,1,0.22,8,82.4,17.1,14.1
68,28.7,0,6,0.44,14,60.5,60.6,24.6
72,18.6,4,5,0.89,15,46.9,62.5,51.9
42,25.5,4,4,0.8,12,60.9,50.4,47.5
45,38.8,2,2,0.67,7,76.8,12.8,33.2
19,23.5,0,6,0.53,10,69.3,46.1,27.3
51,27.8,3,2,0.76,9,77.5,25.0,36.5
30,19.9,1,5,0.34,8,60.2,44.1,19.0
34,39.8,3,8,0.75,20,44.1,65.3,49.9
75,38.6,4,9,0.21,26,16.2,95.0,75.4
29,18.5,2,5,0.68,13,67.0,32.8,30.3
21,39.6,4,9,0.94,17,50.1,82.3,56.3
21,41.0,0,7,0.81,11,67.6,37.7,18.9
88,21.8,1,9,0.8,17,36.7,82.1,51.2
45,33.6,0,1,0.95,6,90.3,1.0,6.2
63,20.0,0,2,0.11,7,77.2,18.4,21.1
78,40.8,4,6,0.35,19,38.9,69.5,70.6
20,22.4,4,8,0.29,18,40.1,78.2,63.3
35,32.4,1,6,0.27,14,56.4,52.4,36.1
25,36.7,3,1,0.51,8,80.7,26.5,32.5
53,26.9,3,5,0.3,17,47.9,60.2,50.9
44,19.2,2,4,0.36,13,60.9,42.4,42.0
37,36.2,2,3,0.96,4,80.2,20.8,29.7
70,26.9,3,1,0.32,10,62.4,31.6,43.2
85,32.2,2,8,0.62,23,35.4,76.1,47.6
64,39.7,1,8,0.46,19,43.5,74.2,47.0
25,22.9,2,7,0.13,13,51.9,73.8,43.4
18,28.1,2,8,0.14,18,46.8,82.1,44.7
51,39.1,4,8,0.36,20,33.6,95.0,75.6
77,30.8,4,9,0.98,21,26.4,86.7,64.0
68,19.7,3,6,0.76,14,52.8,67.4,56.3
47,26.1,0,3,0.26,10,71.4,25.2,24.9
38,22.0,2,7,0.59,14,52.9,65.9,48.0
28,33.3,0,1,0.64,5,89.6,1.0,7.3
82,35.1,2,4,0.98,10,60.7,39.4,37.7
56,38.5,0,1,0.13,8,74.6,20.3,20.6
72,31.4,0,3,0.53,4,70.4,25.8,21.9
75,33.0,1,7,0.31,19,43.6,73.3,43.6
82,25.8,4,3,0.96,14,57.0,48.1,54.1
61,25.3,2,9,0.82,20,35.0,85.9,51.0
68,18.8,3,1,0.59,7,66.5,34.0,31.4
22,35.7,4,6,0.32,14,47.6,76.2,50.8
83,23.3,3,1,0.68,12,71.8,27.2,33.7
71,32.6,3,8,0.35,21,30.4,89.4,58.3
34,20.9,1,5,0.98,7,72.9,26.5,25.4
66,27.8,2,3,0.28,8,59.3,48.3,33.1
39,21.9,2,6,0.16,19,47.8,60.2,43.5
83,24.8,1,6,0.97,16,51.4,55.3,41.3
76,24.9,3,2,0.88,12,68.2,33.6,33.6
47,34.5,3,1,0.11,6,69.4,36.1,38.5
53,35.6,1,6,0.98,11,62.0,46.6,30.8
45,38.7,3,9,0.49,24,35.7,84.4,61.2
56,23.2,3,1,0.29,8,65.9,31.1,35.6
84,23.6,0,2,0.43,10,69.5,23.5,11.1
80,31.3,2,6,0.77,16,53.7,59.7,42.2
23,37.3,0,1,0.91,4,99.0,5.1,2.0
77,38.1,3,2,0.68,10,66.5,33.9,40.9
21,32.4,4,6,0.13,15,43.0,77.3,56.6
46,20.2,1,5,0.77,13,67.7,46.6,27.0
18,25.8,3,8,0.6,18,44.9,71.1,52.3
72,40.9,3,1,0.56,9,65.8,30.1,50.3
39,30.8,4,7,0.85,18,48.8,81.1,51.5
46,29.3,4,4,0.31,15,57.4,57.6,55.3
27,33.4,2,4,0.21,10,60.3,42.7,32.8
36,26.4,3,8,0.65,13,48.0,82.9,43.2
57,35.0,0,2,0.39,12,80.8,19.4,24.3
78,26.4,1,1,0.29,10,70.1,24.0,20.3
70,36.7,0,9,0.71,19,42.5,75.4,32.8
33,18.7,3,9,0.58,20,39.6,84.7,60.6
68,25.2,4,3,0.84,12,52.0,44.6,48.1
74,37.4,2,2,0.16,11,63.7,42.1,37.9
74,41.6,1,2,0.56,7,70.6,29.1,31.7
72,27.2,2,4,0.14,15,50.5,61.2,42.0
66,27.3,3,2,0.8,9,68.7,33.5,43.8
62,26.7,1,4,0.23,14,63.5,42.2,35.1
26,26.7,4,1,0.33,6,78.4,33.2,42.7
79,22.2,1,6,0.45,13,49.1,66.0,40.8
27,30.4,0,2,0.22,2,75.3,16.6,15.5
79,34.8,2,6,0.77,16,44.2,59.7,49.6
30,33.9,1,7,0.8,12,64.4,55.7,34.3
50,28.7,0,5,0.33,12,57.8,43.9,24.0
23,28.6,2,8,0.39,17,48.0,75.1,38.8
55,20.7,3,3,1.0,8,68.5,32.8,36.6
71,31.8,3,5,0.31,19,46.8,71.4,60.8
86,38.8,1,3,0.62,15,62.3,28.0,27.9
41,27.4,1,7,0.66,13,62.3,55.5,22.5
59,35.3,0,2,0.43,8,78.7,20.0,14.6
71,25.0,2,1,0.67,6,75.4,18.8,36.4
64,29.1,1,4,0.72,7,59.6,39.3,29.5
45,30.0,4,2,0.62,11,66.4,45.4,50.6
57,32.5,3,8,0.16,21,30.8,83.3,63.4
63,34.0,4,8,0.28,20,30.4,95.0,69.0
25,40.6,4,4,0.41,9,55.1,56.4,50.3
46,20.5,2,2,0.16,8,65.8,25.4,32.1
27,20.3,4,4,0.98,8,65.6,38.7,47.9
25,23.7,3,7,0.43,13,45.2,71.4,51.0
55,38.8,1,7,0.74,13,54.4,65.8,35.3
41,33.2,3,7,0.17,14,39.1,72.9,45.8
30,26.7,1,3,0.99,4,85.1,23.8,18.5
57,27.2,2,5,0.54,13,61.0,58.8,39.9
88,21.2,1,7,0.73,18,37.1,65.2,46.7
77,30.0,3,7,0.94,16,45.7,71.8,52.6
20,22.8,1,6,0.64,14,71.7,51.4,25.7
49,37.2,2,1,0.76,3,83.7,15.3,17.9
39,36.2,4,2,0.15,9,59.7,46.7,41.3
34,25.4,1,7,0.36,13,50.7,61.3,39.6
45,36.4,1,6,0.49,12,61.3,51.3,35.1
38,19.6,0,8,0.3,14,56.1,63.4,33.6
69,25.0,0,4,0.94,8,73.9,24.9,10.9
74,22.9,2,1,0.65,12,75.8,23.2,24.1
57,40.3,1,6,0.12,15,52.4,59.4,42.3
28,25.4,4,3,0.36,12,61.2,54.9,51.4
73,26.0,1,6,0.95,14,58.6,44.8,29.7
75,29.2,1,1,0.74,5,74.5,13.7,17.9
18,20.6,0,8,0.95,9,64.1,46.1,19.9
73,32.5,4,9,0.92,19,32.1,89.4,63.5
84,36.3,0,3,0.29,9,68.6,39.7,24.2
29,39.9,0,6,0.27,11,58.6,54.5,24.1
79,29.9,3,6,0.71,19,48.0,58.6,58.6
87,39.7,3,7,0.69,23,39.0,76.5,61.0
69,18.8,2,5,0.19,15,45.7,62.9,42.3
86,20.1,1,1,0.73,10,76.4,18.8,21.7
89,25.5,4,6,0.48,18,36.2,80.3,63.2
39,23.8,0,1,0.22,6,84.5,10.1,12.9
25,22.2,0,1,0.6,3,91.9,4.5,5.2
52,23.7,4,6,0.79,15,50.5,63.9,56.7
40,31.0,1,5,0.38,13,58.0,38.7,35.2
31,38.4,3,7,0.56,18,52.7,72.7,45.2
65,19.6,4,1,0.91,9,73.0,27.8,48.3
31,25.0,3,8,0.24,16,38.0,84.2,59.8
25,30.3,2,9,0.38,13,39.5,75.7,44.4
47,36.2,1,2,0.71,10,78.4,15.7,20.8
86,18.7,1,4,0.79,6,61.4,40.9,25.0
23,26.1,2,3,0.85,9,82.3,18.0,22.4
22,38.6,2,6,0.22,17,50.4,67.4,39.5
26,32.7,0,2,0.21,3,83.4,19.3,5.8
47,36.7,1,8,0.48,17,47.2,68.8,37.0
58,19.7,2,4,0.4,12,58.3,42.2,35.1
81,25.0,0,2,0.15,10,65.4,27.4,22.7
33,18.8,3,4,0.98,7,70.5,31.9,40.4
24,21.6,3,1,0.3,5,73.9,17.6,36.4
40,23.5,1,7,0.15,10,47.1,61.8,32.6
63,31.5,4,5,0.82,14,51.9,57.9,51.5
53,28.1,1,5,0.84,8,68.1,36.7,31.4
39,26.4,3,9,0.31,17,31.4,95.0,61.5
26,31.3,1,2,0.14,8,82.8,25.6,10.1
85,41.5,2,9,0.56,21,33.6,95.0,52.8
34,30.3,4,8,0.84,21,44.0,81.3,55.4
19,32.7,3,3,0.21,9,69.1,46.1,45.8
83,36.5,1,6,0.49,18,45.3,64.4,35.8
57,26.1,0,6,0.3,16,56.2,52.0,21.0
83,28.2,0,9,0.66,19,40.3,83.0,38.9
68,31.4,2,2,0.7,10,73.3,27.7,42.8
27,31.3,4,2,0.21,11,66.3,41.9,44.9
62,25.4,4,4,0.64,16,51.6,62.1,60.3
40,18.5,2,5,0.7,14,67.7,51.8,30.7
31,21.5,3,1,0.85,7,84.9,14.1,25.2
60,18.5,2,1,0.6,10,76.7,27.8,23.7
86,27.6,0,8,0.19,17,35.5,84.5,31.5
33,41.9,2,1,0.39,2,78.8,24.5,25.5
25,25.9,2,1,0.67,5,82.7,17.1,25.7
56,39.0,2,6,0.18,17,49.0,63.8,50.7
70,37.2,2,3,0.3,15,67.1,39.1,34.4
45,36.6,2,7,0.98,13,55.3,57.0,39.0
28,19.5,2,3,0.72,6,72.6,31.4,28.4
89,32.2,2,7,0.52,20,34.8,65.3,54.9
54,19.0,0,9,0.85,17,49.8,59.8,36.8
71,31.4,4,7,0.39,17,34.9,85.7,71.3
53,22.4,2,1,0.2,8,74.9,34.2,36.8
55,29.2,0,7,0.68,19,54.8,44.4,34.3
69,25.5,3,5,0.71,15,50.1,52.6,51.2
88,32.5,0,3,0.2,10,57.9,47.5,28.0
49,39.8,1,3,0.24,14,63.2,37.5,33.7
21,23.2,2,2,0.67,7,83.5,19.8,23.4
18,26.1,1,7,0.39,16,52.6,57.1,38.7
35,32.1,4,9,0.91,20,37.4,77.1,65.3
38,18.8,4,1,0.61,11,68.8,26.3,39.2
55,23.6,0,4,0.28,10,60.2,37.1,26.3
74,18.8,2,7,0.64,19,39.3,63.6,49.1
49,37.9,4,5,0.57,17,46.9,61.8,51.2
20,22.8,3,3,0.15,11,57.8,31.1,38.5
64,30.4,4,3,0.16,18,56.1,58.4,59.2
88,20.8,1,9,0.91,14,41.7,82.0,38.6
89,25.5,0,2,0.25,6,66.9,30.4,23.9
35,40.3,2,2,0.71,9,76.7,29.7,21.7
85,22.7,1,3,0.97,11,69.5,27.5,22.4
86,20.8,1,2,0.71,6,78.1,20.5,21.0
36,41.8,4,6,0.76,20,50.9,67.4,59.2
73,37.3,1,7,0.35,15,47.2,65.8,42.8
66,41.0,2,2,0.69,13,69.5,33.1,39.0
39,21.7,2,8,0.24,17,37.3,78.0,57.4
40,32.3,4,2,0.62,10,64.6,46.1,49.8
64,19.1,1,7,0.8,12,53.3,61.9,43.8
48,23.1,4,1,0.22,9,60.6,38.9,55.8
42,26.0,0,6,0.92,10,67.7,34.6,19.6
20,22.6,2,1,0.18,8,86.1,23.3,15.5
79,33.6,0,1,0.88,7,84.0,12.5,13.9
42,36.1,2,9,0.61,17,38.3,77.1,45.9
51,28.7,4,6,0.63,18,43.3,73.3,61.0
35,25.2,3,9,0.64,21,37.9,78.6,51.3
33,26.3,0,4,0.74,10,79.5,24.1,15.4
21,41.9,1,9,0.89,14,55.5,62.0,33.1
30,23.4,4,5,0.32,16,53.7,59.6,47.0
40,33.1,4,7,0.45,20,39.9,78.1,59.5
37,27.7,0,2,0.97,8,87.2,1.0,13.0
81,33.4,2,3,0.57,13,61.9,46.4,34.8
31,22.8,3,7,0.12,18,42.4,81.8,51.6
59,31.3,4,7,0.87,17,43.6,76.1,59.7
46,26.2,0,8,0.31,14,45.0,66.9,33.0
65,26.2,2,8,0.88,19,41.8,67.6,47.7
85,33.2,2,6,0.38,17,41.3,71.9,47.4
59,31.4,1,4,0.62,10,59.7,33.6,19.0
78,27.0,0,8,0.23,15,41.6,72.4,38.9
44,34.5,3,7,0.34,20,39.9,70.9,52.7
30,41.4,3,9,0.25,20,30.5,87.6,58.0
71,29.6,4,9,0.64,19,20.5,94.3,71.8
33,38.6,0,1,0.35,7,89.4,11.9,8.1
86,40.1,2,9,0.61,24,29.5,89.6,52.5
81,25.1,1,7,0.78,17,48.6,58.0,42.8
18,21.3,3,2,0.17,11,74.1,38.1,33.0
77,41.9,1,7,0.78,18,44.2,61.3,35.7
60,34.4,1,1,0.88,5,88.7,8.3,18.4
24,36.2,1,1,0.9,5,92.6,2.1,4.1
26,18.7,3,3,0.21,8,65.1,39.6,39.8
77,28.3,4,6,0.98,19,46.8,73.9,58.6
47,19.9,1,1,0.38,8,81.3,17.0,21.8
36,26.2,1,3,0.78,11,78.2,20.7,15.8
71,18.8,3,1,0.85,8,73.0,23.6,45.3
51,27.4,3,7,0.63,15,46.5,77.9,51.4
39,35.9,3,1,0.24,7,72.1,22.7,28.9
40,40.8,4,7,0.33,20,40.3,83.2,58.8
19,36.4,0,7,0.66,7,58.0,49.7,27.8
46,21.9,0,9,0.93,16,55.0,56.4,25.9
23,26.9,1,2,0.72,2,87.0,14.5,15.3
59,31.8,3,8,0.63,22,38.2,76.8,59.0
76,37.3,1,4,0.57,9,59.4,38.2,31.4
42,32.8,2,5,0.45,12,57.5,46.1,38.3
26,26.6,0,5,0.61,12,74.5,31.3,12.0
46,31.5,4,1,0.28,8,62.3,31.9,49.6
37,32.2,2,9,0.38,16,38.4,93.6,49.9
63,41.1,1,5,0.27,14,56.8,50.2,28.8
73,26.5,2,1,0.86,10,75.0,18.2,29.9
63,31.3,4,6,0.46,18,38.4,72.6,68.7
46,29.4,3,7,0.77,14,48.7,72.8,46.6
62,27.4,2,4,0.58,15,55.8,41.7,41.3
61,31.1,1,5,0.29,15,56.5,46.5,36.0
76,40.6,3,8,0.79,20,37.0,87.6,52.4
23,30.2,3,6,0.2,16,53.5,61.5,46.5
65,32.2,3,5,0.18,17,45.7,66.0,47.9
86,35.1,4,9,0.67,22,20.7,95.0,70.7
28,35.1,1,8,0.76,12,52.7,55.7,36.5
51,19.7,1,1,0.21,8,70.7,30.1,27.6
30,35.1,4,6,0.91,13,55.8,61.6,48.4
23,23.0,2,9,0.64,23,42.5,77.0,37.1
27,37.6,3,6,0.77,13,58.7,48.4,40.6
43,35.8,4,6,0.4,20,45.3,68.3,58.0
89,26.4,4,9,0.31,19,14.5,95.0,78.3
44,24.5,0,4,0.44,9,71.7,29.8,25.2
48,19.6,0,5,0.33,11,60.4,48.0,26.0
35,26.3,4,5,0.19,19,50.5,71.5,50.3
36,23.2,2,6,0.25,14,49.2,56.0,43.2
71,24.4,4,3,0.87,14,67.7,44.3,50.7
19,18.7,1,8,0.41,14,53.6,58.7,36.7
69,33.2,4,2,0.86,15,63.8,28.5,42.8
32,22.8,4,6,0.53,17,45.0,67.3,54.0
57,23.3,2,4,0.85,10,68.5,25.6,34.6
71,33.1,2,5,0.98,13,55.0,53.4,37.8
59,28.6,4,1,0.29,12,64.2,34.2,42.7
71,25.1,3,6,0.98,19,52.6,60.3,50.0
53,33.3,0,5,0.26,14,58.3,53.2,20.1
62,24.2,3,4,0.37,12,52.8,49.2,40.9
52,32.1,1,1,0.41,8,74.3,16.8,20.3
48,36.1,2,2,0.87,3,76.5,29.1,27.5
44,29.2,3,4,0.78,13,64.9,46.3,42.1
75,37.9,4,4,0.15,17,43.9,66.7,52.7
36,25.7,1,4,0.37,10,72.1,34.8,25.3
85,27.3,1,5,0.11,12,44.9,60.4,38.5
27,35.2,3,3,0.57,12,71.8,39.4,36.3
60,19.1,3,2,0.11,13,60.4,50.2,34.2
27,30.5,0,1,0.81,4,95.3,1.0,2.0
42,41.0,4,2,0.39,12,69.3,38.6,50.8
57,22.1,4,6,0.16,18,40.4,76.3,69.1
83,40.5,1,4,0.81,12,61.1,43.9,34.1
86,41.9,4,6,0.58,15,38.7,77.6,68.2
46,23.8,2,8,0.73,17,46.5,62.7,50.8
40,27.5,3,9,0.8,22,39.8,72.8,58.2
37,24.1,0,1,0.31,4,84.4,9.5,5.7
63,20.4,3,2,0.69,10,69.2,36.7,38.2
51,27.2,1,6,0.34,17,55.2,58.7,32.2
22,30.6,3,7,0.97,10,55.3,68.8,45.1
40,21.3,4,6,0.2,17,42.7,76.4,60.3
59,25.8,3,7,0.47,22,35.8,82.2,59.0
51,20.0,4,3,0.29,13,59.2,50.2,50.2
68,20.2,3,1,0.66,7,71.3,21.5,33.6
23,36.4,1,9,0.3,14,40.0,73.4,43.8
57,35.3,2,8,0.56,19,42.3,74.2,52.9
34,22.8,0,3,0.67,5,80.0,16.6,17.3
72,38.8,3,8,0.92,19,36.0,66.0,63.0
74,36.2,4,3,0.53,16,48.0,53.1,56.9
51,28.9,2,7,0.37,16,45.3,80.5,39.1
56,40.3,2,6,0.74,15,53.1,59.4,43.7
89,32.1,3,1,0.51,10,63.5,30.2,42.6
81,31.3,1,2,0.3,11,62.6,47.7,23.6
30,29.5,2,5,0.68,12,65.2,41.1,35.0
75,33.1,1,7,0.22,16,36.3,73.3,46.6
32,29.2,2,9,0.94,16,48.8,64.7,34.3
81,32.7,2,1,1.0,4,73.6,20.0,28.9
80,21.5,3,7,0.79,20,44.3,73.4,55.0
81,37.9,0,2,0.52,7,68.0,20.8,21.4
66,41.6,4,5,0.7,14,50.8,59.4,54.5
33,19.4,4,3,0.88,10,71.9,33.0,42.4
71,35.8,1,6,0.85,13,57.5,44.4,35.2
38,24.5,4,8,0.14,20,35.1,95.0,57.8
32,34.6,1,6,0.27,12,55.6,55.6,31.1
45,21.1,4,1,0.59,9,73.1,32.7,39.6
89,35.9,4,7,0.72,23,29.3,88.7,62.5
44,41.1,1,4,0.41,12,61.2,44.0,25.4
75,35.0,1,6,0.77,13,56.1,46.6,40.0
18,19.3,4,9,0.25,19,34.9,94.4,58.1
43,29.9,1,3,0.98,6,78.0,14.9,22.7
33,32.0,1,1,0.78,3,83.9,6.1,13.5
58,26.8,2,7,0.92,17,50.4,62.7,39.5
88,23.7,3,2,0.72,12,57.7,33.3,42.2
47,20.7,0,7,0.19,17,50.0,55.9,34.1
70,31.3,3,4,0.31,12,48.3,56.5,44.6
77,31.9,0,1,0.25,10,78.1,12.9,21.5
19,21.0,2,5,0.84,9,61.0,34.6,31.4
49,40.6,0,5,0.89,8,73.7,31.4,18.3
74,18.6,1,9,0.33,23,28.2,87.6,47.8
31,41.5,1,6,0.12,13,56.4,54.4,31.6
69,40.0,3,2,0.82,9,67.2,35.4,36.0
74,24.6,0,2,0.98,4,86.7,8.4,16.9
78,21.9,3,2,0.32,12,52.5,44.0,42.3
73,22.6,0,2,0.67,7,75.0,17.9,16.5
43,33.4,4,6,0.82,18,51.2,72.8,48.1
35,21.9,3,6,0.35,11,47.5,68.1,44.8
74,41.0,2,4,0.75,10,63.6,44.6,39.9
44,29.2,1,7,0.77,12,55.3,51.4,25.7
86,32.1,4,6,0.77,19,37.6,74.4,60.6
47,39.9,4,7,0.56,16,40.1,81.7,58.6
67,29.1,1,9,0.54,19,33.2,82.0,45.1
39,29.4,1,7,0.94,15,61.2,45.2,30.5
30,29.3,1,5,0.37,11,62.1,43.0,29.0
76,34.2,0,3,0.2,8,66.2,39.9,27.6
80,28.2,3,9,0.4,26,21.9,92.8,68.0
52,33.4,3,9,0.12,19,23.1,95.0,64.6
84,33.8,0,1,0.21,10,72.9,15.8,21.2
82,27.9,1,6,0.57,18,52.4,53.3,36.4
83,23.2,4,9,0.95,23,23.6,95.0,67.9
56,33.7,4,3,0.96,12,63.6,41.0,47.8
38,26.5,3,5,0.51,12,56.1,55.6,53.2
49,23.4,0,9,0.84,18,50.7,67.5,26.5
74,41.1,3,5,0.63,16,46.2,63.3,51.6
67,34.2,1,4,0.48,13,60.3,43.8,28.7
67,33.1,2,2,0.73,9,69.7,32.3,27.8
66,27.5,3,5,0.21,14,43.9,72.1,56.1
31,32.2,0,9,0.27,12,45.1,75.1,25.7
47,38.4,4,2,0.54,11,66.2,30.1,41.5
78,35.6,2,6,0.81,11,49.1,58.1,42.3
28,25.7,1,1,0.13,7,75.1,6.7,22.3
38,41.2,3,1,0.27,5,72.5,26.5,36.4
70,19.0,2,4,0.8,14,55.8,45.3,33.5
43,37.7,1,6,0.27,13,58.1,54.2,32.0
34,30.7,3,8,0.95,16,49.5,70.2,52.4
35,40.0,0,3,0.99,7,82.5,14.1,12.4
36,22.1,2,5,0.28,13,57.9,58.5,33.1
21,34.9,2,3,0.52,7,73.7,31.3,29.9
72,20.7,1,3,0.99,10,69.9,27.3,20.9
73,22.9,0,5,0.77,13,63.3,32.1,23.5
52,19.8,1,2,0.15,8,70.7,29.6,31.2
84,39.2,3,2,0.39,10,59.1,39.6,49.0
23,24.5,4,8,0.68,16,44.9,82.2,56.1
74,40.9,3,7,0.46,20,38.3,75.5,52.9
41,34.5,4,5,0.46,18,48.7,60.8,55.7
80,27.3,0,5,0.82,10,64.1,35.5,24.0
70,21.4,3,2,0.42,4,67.1,39.6,41.8
37,22.2,3,8,0.88,17,44.3,76.1,53.6
58,22.4,1,9,0.75,18,40.2,72.1,38.1
80,27.6,2,5,0.71,18,44.7,53.0,36.8
65,30.3,2,8,0.91,18,45.7,67.9,54.7
72,36.7,3,1,0.86,10,71.5,30.8,36.9
50,28.9,4,1,0.49,10,70.4,30.6,39.3
88,35.4,3,2,0.89,10,63.6,29.1,45.2
28,35.0,2,3,0.8,6,70.7,18.2,21.2
34,39.4,3,6,0.34,16,49.2,68.8,55.8
86,19.2,2,9,0.42,22,24.5,95.0,55.5
84,34.5,1,9,0.31,21,30.4,85.9,44.5
73,22.5,3,8,0.19,24,31.9,95.0,65.1
24,24.9,2,8,0.64,14,50.7,71.9,43.1
72,23.4,0,8,0.92,20,52.9,63.9,29.3
32,22.4,0,4,0.92,4,82.2,28.1,17.0
42,19.4,4,5,0.97,14,60.8,50.7,49.4
64,29.3,2,7,0.35,16,41.6,81.3,47.1
59,28.9,2,8,0.5,19,42.2,76.7,51.0
37,41.1,2,8,0.4,17,37.8,80.1,45.6
34,21.5,1,9,0.76,15,51.4,74.3,31.0
79,35.7,0,4,0.75,14,66.8,41.5,30.9
26,40.9,4,6,0.34,16,46.3,72.9,56.1
50,20.0,3,2,0.14,16,62.5,41.8,40.9
55,34.6,0,1,0.95,8,90.1,1.0,11.5
79,40.4,3,7,0.3,23,32.0,94.1,62.7
34,21.3,3,5,0.75,10,64.7,51.8,41.8
33,30.0,1,4,0.45,13,67.7,27.7,29.3
72,23.6,3,5,0.22,16,43.1,71.4,51.1
88,20.4,1,8,0.11,21,30.9,87.6,53.9
56,23.4,0,2,0.82,3,83.5,13.2,15.0
32,31.1,1,7,0.66,14,57.8,58.4,33.8
38,19.1,2,7,0.43,16,52.5,71.0,39.3
46,19.9,1,3,0.66,8,75.8,27.2,14.7
42,34.9,0,3,0.32,10,76.8,25.1,9.8
82,18.7,1,9,0.74,18,36.1,75.8,41.8
42,28.0,4,4,0.42,15,60.2,49.5,44.4
72,31.4,0,8,0.89,16,49.0,59.6,33.6
25,31.9,0,3,0.95,4,88.6,5.4,15.6
30,19.7,1,9,0.51,15,41.6,76.0,42.4
65,39.9,3,1,0.5,11,69.5,29.5,31.9
87,39.6,3,7,0.88,17,41.9,69.6,58.3
89,35.5,4,6,0.54,22,35.4,81.2,62.5
28,26.6,1,7,0.49,14,60.3,57.4,30.7
48,32.3,0,2,0.78,5,89.1,8.5,13.2
32,24.7,3,6,0.72,13,58.2,55.3,42.4
60,24.4,1,5,0.37,10,62.6,56.9,31.2
38,36.3,3,6,0.46,14,53.1,68.8,50.1
41,38.0,4,8,0.57,20,36.2,95.0,68.7
71,27.3,3,3,0.17,13,54.8,57.9,50.5
49,29.8,1,3,0.42,6,74.4,36.9,24.8
18,40.4,4,3,0.7,11,67.1,39.0,43.0
23,20.6,4,1,0.9,7,83.2,19.0,32.9
79,18.9,4,1,0.87,10,67.3,30.3,43.8
21,34.1,4,9,0.26,20,35.6,95.0,62.7
45,33.5,4,1,0.89,11,74.8,23.4,34.5
88,22.6,3,9,0.26,22,19.7,95.0,74.3
54,25.2,0,4,0.31,9,68.5,31.3,24.6
68,25.3,1,5,0.51,13,50.0,39.4,34.4
78,27.9,0,2,0.82,8,81.3,12.5,19.4
82,21.0,4,1,0.33,16,61.9,44.7,41.6
81,37.3,0,8,0.4,20,38.6,71.6,44.3
54,19.8,3,6,0.94,17,54.8,61.8,49.9
19,19.9,1,1,0.46,6,88.2,15.4,8.5
60,41.2,4,2,0.25,10,51.2,43.5,51.1
34,34.7,2,1,0.2,11,76.7,16.4,25.2
36,37.6,1,9,0.28,16,44.6,75.4,41.3
52,28.5,4,6,0.4,17,36.5,74.1,54.3
45,19.2,0,9,0.17,20,41.6,88.2,36.9
58,39.7,1,4,0.45,13,63.2,36.7,23.1
80,34.5,3,8,0.68,22,31.4,84.1,64.3
38,20.1,2,4,0.29,10,60.2,49.6,35.5
57,20.8,3,5,0.87,14,59.9,46.2,51.0
65,33.5,1,7,0.48,12,46.1,65.3,46.4
75,32.4,4,4,0.17,18,41.7,69.9,56.8
64,19.0,1,1,0.53,7,77.9,13.8,25.8
76,34.4,2,1,0.58,10,71.3,16.7,34.7
40,38.3,0,7,0.2,14,50.7,64.9,32.3
61,28.7,0,4,0.79,11,71.8,29.9,20.4
22,28.6,0,8,0.24,13,50.7,72.6,33.7
84,35.1,0,9,0.27,21,34.9,77.2,37.3
47,23.4,2,9,0.83,16,40.9,82.4,47.6
26,39.7,2,3,0.9,9,76.5,27.2,23.6
30,32.7,4,4,0.45,14,55.5,56.2,43.0
29,40.0,3,5,0.88,13,59.3,44.3,40.1
67,40.4,0,3,0.76,10,74.5,26.1,17.8
40,24.9,1,1,0.51,1,87.4,10.1,17.5
64,34.4,4,8,0.51,19,25.9,91.3,66.2
89,28.7,3,5,0.55,17,40.2,69.0,61.5
81,36.5,4,2,0.68,10,61.8,43.7,51.7
34,19.5,1,5,0.85,7,72.3,38.2,23.9
56,35.5,4,7,0.19,18,34.3,84.0,69.5
26,18.8,4,7,0.92,16,48.2,65.6,57.0
50,20.2,0,9,0.39,17,43.9,84.2,34.6
40,29.9,1,9,0.28,19,43.7,93.1,39.8
51,40.4,2,8,0.9,15,47.8,73.4,39.3
45,41.1,1,3,0.57,5,72.1,35.6,26.1
43,38.8,4,7,0.49,21,44.8,80.7,58.1
75,24.2,4,3,0.44,14,52.6,55.4,54.1
46,24.0,3,4,0.31,14,58.4,53.2,36.0
43,40.0,2,9,0.78,19,44.7,75.4,49.5
54,36.5,1,3,0.43,10,65.6,29.3,23.7
88,36.4,3,7,0.51,19,31.4,75.5,59.7
44,31.8,0,1,0.94,2,92.0,1.1,4.7
41,38.7,1,4,0.61,11,64.1,37.0,24.4
45,29.6,2,6,0.88,12,64.6,51.8,33.6
44,37.9,2,7,0.88,15,52.9,61.5,39.5
76,31.5,3,8,0.14,21,31.3,90.6,61.9
87,18.5,4,2,0.5,15,54.4,48.4,50.3
38,20.7,0,1,0.65,2,90.5,4.3,3.9
58,30.3,0,8,0.95,11,56.8,56.9,31.3
82,30.1,1,3,0.24,7,58.5,37.1,34.6
77,25.4,4,1,0.7,11,64.6,32.5,53.2
67,22.1,1,1,0.37,6,74.2,16.4,31.4
34,32.8,3,3,0.27,12,61.0,44.9,35.8
49,31.5,2,3,0.57,7,66.2,36.7,40.9
53,38.0,0,3,0.51,12,73.6,23.5,19.5
52,30.2,4,9,0.78,22,32.0,88.7,72.1
60,38.5,0,8,0.44,22,45.9,72.7,40.4
60,28.4,4,9,0.34,22,21.0,95.0,66.1
71,22.6,1,7,0.62,13,50.0,70.3,36.1
48,19.1,3,5,0.16,13,50.9,65.3,48.7
40,29.5,4,4,0.56,9,57.2,43.1,46.5
18,37.9,4,4,0.59,10,61.7,49.0,44.2
86,22.9,3,5,0.23,20,47.7,72.3,58.6
18,29.3,4,1,0.91,5,81.1,14.1,32.4
21,29.1,1,1,0.41,5,92.2,13.9,10.3
60,23.1,1,9,0.51,19,44.8,78.4,42.8
84,28.0,4,6,0.33,15,31.9,81.1,68.6
33,31.6,0,7,0.85,9,67.6,39.3,18.7
48,30.5,0,4,0.7,5,71.5,26.7,13.6
30,34.4,0,8,0.97,15,63.3,49.4,20.7
78,22.5,3,2,0.29,13,65.4,44.7,34.8
86,21.4,4,6,0.6,19,38.3,82.2,56.9
50,22.9,4,7,0.97,17,50.8,73.6,48.7
82,37.0,2,3,0.75,12,63.1,32.6,40.0
30,28.5,4,3,0.85,10,65.8,34.2,42.5
89,28.0,0,9,0.27,20,29.9,87.9,42.0
20,21.0,1,8,0.7,18,54.7,53.3,32.5
62,24.0,1,8,0.13,16,41.2,75.8,39.8
28,40.1,0,6,0.76,13,72.0,34.8,13.4
85,32.1,4,4,0.76,19,46.7,63.8,59.6
61,34.4,1,1,0.17,9,72.1,25.5,25.7
82,41.8,4,8,0.11,21,21.7,95.0,74.3
35,38.3,0,7,0.64,14,59.8,49.7,30.4
33,29.0,3,1,0.93,5,84.5,9.7,33.3
67,27.3,0,9,0.47,18,37.4,76.2,36.2
63,41.6,2,7,0.93,18,50.6,56.1,40.8
66,26.0,1,8,0.12,19,39.1,83.3,48.9
29,35.3,4,9,0.68,20,35.7,88.2,68.2
23,25.0,4,2,0.85,11,74.6,25.0,34.5
89,30.9,3,1,0.97,10,72.5,22.6,46.7
47,36.6,2,1,0.66,8,85.2,13.0,26.9
20,32.4,0,9,0.52,17,49.8,74.6,32.4
64,18.7,2,9,0.13,19,26.0,90.4,57.0
54,21.9,1,2,0.48,8,75.6,25.2,24.2
57,19.8,2,1,0.94,10,89.5,16.1,25.0
76,35.6,3,5,0.22,15,36.0,75.4,53.6
55,24.3,4,6,0.97,18,56.0,67.0,55.0
74,41.6,1,6,0.44,16,47.5,69.3,39.1
82,25.5,4,3,0.12,18,43.6,62.2,62.3
83,33.4,3,9,0.67,20,24.2,95.0,61.9
30,19.1,0,3,0.34,7,79.1,18.3,17.9
33,37.3,4,9,0.7,18,31.7,94.7,62.6
43,23.7,0,3,0.19,5,71.0,20.4,19.7
56,39.8,2,2,0.44,12,67.8,36.1,31.3
52,22.8,3,9,0.45,19,31.0,95.0,61.6
20,32.7,0,9,0.61,13,53.8,70.4,28.7
68,38.9,1,7,0.92,16,50.3,60.6,34.1
54,28.4,4,8,0.22,18,31.9,88.1,62.3
24,32.6,2,7,0.95,13,63.2,64.1,38.8
69,23.8,0,4,0.47,10,65.5,50.4,26.0
52,23.4,2,2,0.38,7,68.8,37.9,31.9
62,30.0,3,7,0.74,14,43.4,72.6,56.8
68,36.9,4,1,0.99,10,70.8,24.9,31.5
73,28.2,2,1,0.71,11,76.1,13.8,18.7
88,35.2,3,7,0.95,20,38.9,74.5,57.1
31,35.6,4,8,0.13,18,32.8,95.0,68.2
58,22.4,0,8,0.23,20,46.3,70.2,37.6
53,22.5,1,8,0.81,17,47.6,56.7,40.0
56,29.5,4,5,0.12,19,46.6,71.8,58.7
20,39.8,2,7,0.24,15,51.2,71.8,47.0
86,23.5,2,8,0.38,16,30.6,83.1,58.9
25,38.2,0,6,0.92,12,78.8,35.2,19.6
68,29.2,0,2,0.19,10,74.2,16.1,24.3
65,37.8,1,8,0.71,17,44.2,67.2,45.2
89,29.6,1,5,0.29,14,44.5,52.2,49.0
63,23.5,3,8,0.84,19,38.0,84.0,53.0
80,38.5,2,2,0.34,12,66.2,36.9,34.3
43,35.1,3,1,0.19,9,69.6,31.0,37.6
18,26.9,3,5,0.53,16,63.9,50.9,40.3
66,37.8,3,7,0.49,22,37.1,81.9,58.1
75,32.8,1,9,0.38,19,31.6,87.0,46.0
65,31.0,1,4,0.32,9,57.7,39.2,33.4
20,20.5,4,1,0.32,9,75.9,32.1,39.6
45,32.7,2,9,0.55,20,41.3,72.3,50.0
60,18.9,3,3,0.77,13,63.0,45.2,42.0
40,33.3,2,7,0.69,14,53.9,64.8,47.1
22,29.7,3,6,0.16,16,49.6,58.2,50.4
78,33.7,0,5,0.12,15,51.6,47.5,28.5
68,34.3,3,8,0.91,20,37.8,82.9,55.2
87,28.0,2,5,0.53,19,48.0,66.5,50.1
43,29.9,3,9,0.36,22,30.0,87.6,57.7
88,23.3,4,6,0.46,18,32.0,72.9,61.0
46,34.7,2,6,0.1,18,45.5,70.4,45.3
51,39.1,3,7,0.78,17,46.0,69.2,41.2
29,35.6,4,6,0.25,15,41.8,74.3,52.5
76,21.5,2,6,0.1,18,33.6,69.6,49.4
49,24.5,4,4,0.14,18,51.5,72.5,53.8
20,23.6,4,3,0.92,7,78.2,31.5,42.5
57,21.6,4,8,0.55,22,32.8,88.2,64.7
56,32.7,4,9,0.73,20,30.0,93.3,63.2
65,22.3,0,9,0.65,16,41.6,74.7,38.6
78,18.9,4,5,0.97,15,49.7,63.1,52.7
29,38.0,4,8,0.73,22,34.0,76.7,57.2
18,23.2,2,3,0.78,8,83.0,23.1,27.8
75,38.7,2,4,0.22,12,53.5,51.0,42.9
70,21.5,3,5,0.88,18,53.0,60.5,48.8
59,37.0,3,8,0.25,22,27.2,82.9,61.4
62,22.7,1,5,0.89,13,63.6,40.4,34.5
29,38.1,2,9,0.58,17,44.2,76.9,40.9
21,36.4,0,1,0.66,1,90.9,1.6,11.1
47,25.4,2,8,0.62,18,36.5,75.5,42.7
29,38.0,3,6,0.98,15,55.3,53.2,38.9
23,41.3,2,4,0.26,11,63.1,36.7,30.8
65,41.0,4,6,0.94,19,53.9,59.0,55.5
24,28.5,1,7,0.1,10,52.5,63.1,39.9
58,22.0,4,4,0.33,14,47.2,57.2,53.8
71,32.3,0,8,0.55,14,44.5,73.3,31.8
79,36.1,4,9,0.59,24,18.5,94.6,68.1
24,39.6,0,3,0.5,4,86.1,18.2,14.2
62,39.7,0,6,0.82,14,53.7,40.4,21.4
29,19.7,2,6,0.69,14,60.5,56.7,40.0
88,36.5,0,4,0.83,11,62.1,26.7,24.2
20,28.5,1,6,0.24,14,60.1,48.8,29.6
67,29.1,1,7,0.39,16,47.5,66.8,46.0
79,37.2,4,6,0.2,24,31.9,72.0,68.8
38,33.4,4,3,0.6,12,67.9,39.4,44.7
85,41.0,1,1,0.63,10,76.0,13.1,30.5
55,37.7,3,1,0.47,12,68.6,28.3,33.7
44,24.5,0,5,0.48,9,69.0,39.1,19.2
22,29.0,0,9,0.45,13,48.5,62.6,33.2
86,25.4,3,2,0.79,11,64.4,25.7,31.9
40,36.7,0,5,0.58,8,67.4,39.6,26.9
62,35.9,2,5,0.16,13,43.8,61.2,44.3
43,38.7,1,8,0.51,19,45.4,72.0,33.9
37,27.2,4,5,0.99,13,58.5,51.7,42.9
35,19.0,1,9,0.88,18,47.1,61.9,39.8
50,31.2,4,3,0.83,11,68.1,49.1,52.3
41,28.5,4,4,0.34,9,58.9,53.1,51.9
77,28.1,4,3,0.96,11,59.1,39.4,38.4
33,40.9,1,3,0.98,6,82.5,31.8,20.9
84,19.9,1,3,0.74,8,66.4,33.9,23.9
71,34.6,2,4,0.68,14,54.7,42.4,38.1
29,18.8,3,6,0.65,14,56.9,71.4,41.4
27,33.2,0,1,0.34,7,88.4,2.8,9.1
57,33.5,3,2,0.7,12,68.7,31.8,42.3
54,39.7,3,1,0.71,10,78.0,30.1,38.4
41,26.9,3,8,0.83,18,45.2,72.8,44.3
19,20.4,4,5,0.36,13,52.3,64.5,48.0
81,33.0,3,3,0.53,14,56.8,43.8,48.7
45,41.0,1,3,0.31,7,67.5,30.8,26.4
38,37.4,0,4,0.25,10,71.0,33.3,16.9
34,39.8,2,6,0.13,18,51.4,60.4,42.1
63,36.7,3,4,0.39,14,49.5,53.1,47.5
52,22.8,2,5,0.97,17,64.1,36.1,30.5
83,30.3,1,1,0.24,9,73.6,21.2,25.8
89,38.3,4,9,0.14,25,12.9,95.0,76.2
61,33.9,3,4,0.63,15,51.6,46.4,43.9
87,21.5,1,6,0.86,14,52.5,57.5,41.4
81,30.3,4,8,0.93,21,30.9,83.5,67.6
42,20.4,3,2,0.27,11,66.6,34.4,40.0
66,29.6,0,9,0.93,17,47.4,75.8,28.2
63,33.1,2,8,0.81,19,45.8,70.2,49.4
45,33.8,1,3,0.74,7,75.3,24.8,25.4
76,37.1,4,1,0.94,6,71.1,18.7,37.8
81,24.9,1,8,0.54,20,33.5,79.0,44.2
21,36.3,2,8,0.2,16,41.4,75.0,47.4
78,38.0,0,3,0.2,11,63.9,35.8,33.7
60,32.5,0,7,0.42,14,48.5,56.9,33.0
55,32.8,3,8,0.16,18,36.0,88.1,57.7
57,24.8,2,6,0.84,14,56.2,51.1,33.9
41,36.4,4,4,0.12,12,51.5,67.5,52.1
32,30.7,0,5,0.6,11,76.2,36.8,25.8
66,34.4,0,6,0.17,18,44.8,63.8,28.6
24,27.3,4,9,0.68,21,44.4,90.0,60.6
67,30.5,2,1,0.68,9,81.1,15.9,29.3
70,22.4,0,8,0.2,21,41.1,84.0,34.7
34,31.0,0,4,0.25,10,68.9,33.4,23.3
18,24.5,2,6,0.19,11,58.0,59.6,44.4
59,39.0,1,4,0.83,8,67.7,35.0,20.3
78,29.2,4,2,0.2,15,54.6,49.3,52.5
25,28.6,1,2,0.48,6,88.3,3.8,21.2
43,30.6,1,7,0.2,14,44.1,67.2,40.2
63,23.2,4,8,0.8,20,27.8,76.3,62.5
30,40.4,2,9,0.87,17,42.3,74.1,41.3
41,35.9,3,7,0.14,18,41.0,83.3,58.1
82,28.9,4,5,0.66,18,44.6,66.6,57.3
35,20.9,1,8,0.89,14,52.5,67.0,34.4
87,37.1,2,7,0.74,17,39.2,72.2,47.7
86,30.1,3,7,0.73,18,39.6,77.2,55.3
79,28.0,2,8,0.6,18,31.9,84.8,51.4
49,27.7,4,8,0.95,19,36.1,84.3,64.4
27,36.8,0,7,0.39,17,58.0,47.1,25.0
86,19.2,4,8,0.67,23,19.5,88.8,70.8
51,21.7,0,4,0.25,13,69.2,41.2,22.2
35,40.4,0,3,0.84,5,84.7,9.5,7.4
24,28.8,3,1,0.35,6,75.2,25.3,38.0
65,19.6,0,9,0.2,21,39.9,85.8,44.6
86,25.8,0,9,0.85,23,37.1,71.9,42.7
23,20.7,3,4,0.24,7,61.4,50.0,46.7
84,34.6,2,3,0.62,12,58.3,44.8,38.1
57,37.1,3,3,0.45,14,58.8,44.9,30.8
28,39.4,3,9,0.21,20,33.1,89.1,60.1
37,20.9,3,5,0.47,11,55.9,54.5,39.3
54,23.2,0,8,0.46,17,49.5,68.7,31.1
55,22.5,0,8,0.22,17,35.4,75.7,41.7
34,19.6,2,5,0.96,9,65.8,45.2,35.2
33,27.5,4,8,0.4,20,31.3,89.8,62.0
79,20.6,1,9,0.76,22,38.9,71.7,43.7
30,31.4,1,1,0.61,5,88.6,7.6,7.9
44,26.5,4,2,0.76,9,66.3,29.5,37.6
28,31.5,1,4,0.64,12,73.5,30.0,25.2
69,23.4,1,5,0.49,12,58.1,55.3,32.4
64,36.5,2,9,0.43,19,34.1,95.0,57.4
60,34.3,4,9,0.52,19,24.8,95.0,69.8
74,33.8,2,8,0.89,19,43.2,74.1,47.6
66,22.9,2,9,0.48,19,30.1,95.0,56.4
31,24.3,1,7,0.27,14,51.7,58.9,43.1
80,18.8,2,9,0.62,22,24.6,86.2,48.3
88,20.2,4,7,0.18,19,27.3,95.0,77.1
21,30.0,2,3,0.36,5,73.8,31.4,25.2
38,19.8,3,9,0.73,20,38.5,89.2,57.6
23,30.7,4,8,0.59,15,46.6,84.7,57.0
75,19.9,4,2,0.93,14,60.5,45.1,48.9
71,35.3,1,7,0.97,15,52.3,51.4,36.9
31,26.0,3,8,0.66,17,44.0,72.9,54.1
42,37.9,2,1,0.99,6,84.6,1.0,13.4
21,24.6,2,4,0.35,9,69.7,38.1,34.5
77,40.1,4,7,0.89,18,37.2,75.9,59.4
27,18.7,2,6,0.66,12,57.8,49.2,36.9
86,22.5,3,5,0.63,21,43.9,62.8,53.5
55,22.7,1,1,0.36,7,74.0,13.8,21.8
78,22.9,1,2,0.58,6,67.3,29.1,26.8
70,27.0,4,2,0.99,11,68.1,32.8,49.3
26,19.3,2,3,0.29,11,67.8,28.3,24.2
57,20.8,0,3,0.4,9,71.2,31.0,14.3
22,37.0,1,4,0.17,10,73.8,31.4,22.4
50,28.8,3,8,0.54,20,37.4,79.1,54.0
61,27.4,1,2,0.24,8,67.9,28.8,28.9
84,21.9,4,2,0.48,13,52.9,54.9,51.2
83,21.5,1,1,0.74,10,76.7,15.5,16.2
58,36.7,1,4,0.54,12,62.1,33.6,32.5
45,29.1,2,1,0.87,4,86.9,3.4,20.5
65,40.1,4,3,0.61,13,60.9,43.2,54.9
62,25.2,2,5,0.94,13,59.6,45.5,35.3
34,34.2,1,7,0.44,16,56.1,72.2,38.6
70,31.0,0,8,0.96,19,51.3,57.8,33.8
70,23.1,1,3,0.84,6,72.3,32.6,21.9
62,28.2,0,6,0.8,16,60.2,38.9,23.9
38,28.5,1,7,0.53,17,51.6,47.2,31.0
64,27.5,1,8,0.97,12,46.0,62.2,42.6
20,39.7,3,4,0.2,9,59.7,50.2,36.6
28,39.9,3,1,0.88,4,84.2,17.1,23.1
75,29.8,4,6,0.29,18,33.0,85.9,67.6
46,30.7,4,8,0.22,20,29.2,91.8,73.1
79,38.2,2,2,0.75,15,69.1,35.7,30.5
55,19.3,3,9,0.85,17,41.0,89.8,62.2
88,38.3,1,4,0.41,14,59.4,50.1,36.3
76,22.0,3,7,0.95,17,44.2,76.7,55.8
37,24.8,1,1,0.4,5,79.0,12.5,23.9
57,24.5,3,5,0.47,15,49.2,66.2,54.2
89,30.3,0,9,0.33,19,32.7,83.7,36.6
55,38.9,3,9,0.39,20,28.5,83.7,60.0
42,37.1,1,4,0.11,13,58.5,47.6,29.4
88,32.5,2,4,0.35,17,52.9,54.2,48.7
36,41.5,2,2,0.62,4,73.6,26.4,33.0
39,21.3,4,1,0.81,6,75.5,29.7,37.0
80,21.2,0,5,0.86,14,57.6,49.9,25.0
43,19.8,4,2,0.6,9,65.9,37.0,48.9
23,37.4,0,5,0.49,8,69.1,26.2,19.4
49,22.5,3,7,0.15,21,35.5,70.3,62.6
51,31.7,4,8,0.74,17,34.9,84.5,56.9
65,35.4,1,2,0.76,8,74.5,24.5,24.3
53,28.2,2,5,0.94,13,62.6,45.0,38.4
79,19.2,0,6,0.78,11,56.7,51.9,27.4
65,25.0,4,1,0.64,12,74.3,31.6,40.9
18,38.1,3,1,0.19,6,75.4,35.8,31.9
56,37.9,0,8,0.85,13,53.1,57.9,33.3
43,31.0,1,4,0.82,5,70.8,34.5,26.5
58,24.0,4,2,0.61,17,60.9,53.5,45.1
83,36.1,4,2,0.16,14,48.6,53.1,49.8
48,33.0,2,4,0.62,10,70.0,41.8,36.9
52,26.1,0,3,0.39,11,72.5,19.9,16.8
72,36.0,1,5,0.92,13,61.3,39.4,30.2
74,39.3,3,1,0.94,9,67.3,20.2,34.0
27,22.7,3,8,0.11,20,33.0,81.9,53.0
44,39.1,4,1,0.96,7,74.4,24.1,39.2
55,40.2,3,1,0.3,12,69.8,24.3,40.5
52,19.1,2,4,0.9,11,69.5,41.8,20.4
53,29.7,4,6,0.57,15,41.7,71.6,56.2
89,35.0,4,6,0.89,19,40.9,67.8,59.5
51,28.9,2,1,0.92,8,85.4,10.4,23.1
35,20.0,0,8,0.38,14,45.4,55.5,28.8
66,24.8,1,4,0.65,6,63.3,37.8,23.6
69,31.2,2,3,0.67,16,60.1,29.5,37.6
35,36.1,2,5,0.78,12,66.7,49.4,33.9
45,28.7,1,8,0.66,15,49.5,70.1,45.6
24,19.2,4,4,0.8,12,69.5,43.2,49.1
35,22.7,4,6,0.55,22,46.1,64.3,49.9
52,39.7,0,3,0.6,7,83.0,26.2,15.9
66,28.3,0,2,0.55,10,68.3,18.4,11.9
87,28.5,2,5,0.59,15,54.9,48.6,36.5
56,31.2,0,7,0.9,11,58.2,42.8,25.1
38,25.6,3,2,0.9,10,79.4,20.5,29.5
68,32.6,3,3,0.39,12,55.4,45.1,47.3
69,41.4,1,7,0.73,13,49.7,56.0,42.3
20,24.1,4,8,0.12,23,37.0,86.6,65.4
37,30.5,4,8,0.87,21,42.4,85.2,60.2
35,28.3,0,7,0.59,12,55.6,45.5,22.4
48,21.5,1,5,0.19,14,56.2,46.0,37.0
47,30.3,2,7,0.18,19,46.4,76.0,48.7
87,20.6,3,5,0.46,16,37.5,60.4,46.0
86,35.4,0,4,0.14,15,56.9,54.5,28.8
42,21.1,0,8,0.49,15,49.4,63.0,26.5
23,39.3,3,6,0.54,13,55.0,58.8,46.1
87,20.3,4,9,0.92,23,25.5,95.0,68.4
41,29.7,3,5,0.74,14,54.8,48.9,37.5
49,25.6,3,5,0.36,12,54.8,59.3,48.2
42,24.4,3,4,0.36,16,56.1,51.0,46.4
53,39.8,1,8,0.3,17,41.5,67.5,43.4
57,29.6,0,3,0.66,10,77.7,24.6,14.2
47,39.4,2,8,0.44,17,36.0,70.1,43.5
33,32.7,3,1,0.6,6,78.1,29.4,36.3
83,30.6,1,3,0.8,12,70.1,33.6,26.2
38,19.0,4,5,0.38,12,51.5,70.9,54.5
38,31.3,3,2,0.77,13,75.3,7.0,38.6
55,25.0,2,1,0.98,5,80.8,20.1,29.1
64,38.8,3,1,0.36,9,68.1,39.0,30.9
52,25.0,2,4,0.77,10,62.7,45.2,30.8
21,38.2,3,9,0.7,17,47.6,74.6,51.7
78,34.8,2,6,0.98,17,49.2,64.1,38.3
58,19.6,1,7,0.36,15,49.2,61.3,36.4
71,27.2,0,9,0.48,18,39.4,76.7,37.6
20,27.2,0,7,0.15,17,54.1,59.4,31.4
68,29.4,1,1,0.39,9,74.8,24.3,26.8
24,36.6,2,5,0.14,13,59.9,48.3,35.4
33,21.7,2,2,0.63,5,81.6,20.4,31.7
72,33.5,0,1,0.39,11,75.5,26.5,15.6
87,35.9,1,8,0.64,19,38.5,73.8,49.5
47,19.2,4,6,0.87,13,47.8,61.0,58.5
35,31.7,4,6,0.84,13,49.3,68.1,58.5
26,25.5,4,7,0.49,20,39.2,83.0,59.5
44,35.2,0,2,0.21,8,78.5,24.3,15.8
33,24.4,1,6,0.27,12,54.1,65.3,31.1
65,25.2,0,7,0.9,11,57.0,45.6,25.0
23,31.7,4,3,0.68,10,68.4,33.9,40.9
19,19.8,4,2,0.95,5,75.0,24.1,39.7
71,36.1,4,3,0.23,13,44.9,61.5,55.6
53,39.9,1,9,0.55,17,41.2,69.6,40.0
81,30.0,4,5,0.71,18,46.9,66.8,59.7
53,24.7,0,2,0.9,7,85.1,9.8,15.5
69,22.7,1,8,0.5,15,48.9,84.4,38.2
88,18.6,0,6,0.19,16,46.1,59.1,33.7
60,36.1,3,3,0.73,13,64.2,38.4,40.9
30,24.3,0,1,0.19,2,83.7,7.9,14.5
77,35.5,1,2,0.96,8,75.6,27.0,21.5
21,22.8,1,3,0.25,11,78.2,39.4,24.9
64,25.9,0,6,0.22,14,53.5,58.6,30.9
21,18.8,1,1,0.19,5,84.4,15.3,24.6
50,33.4,0,5,0.64,11,65.8,36.9,26.6
41,29.9,2,1,0.28,8,74.2,23.4,21.8
87,39.1,0,5,0.11,18,45.9,65.1,36.4
82,36.2,1,5,0.35,13,50.7,51.2,34.7
82,21.3,1,2,0.64,13,69.3,18.7,25.0
65,18.6,4,4,0.81,16,54.9,58.0,55.6
59,33.4,0,4,0.91,9,77.3,15.7,13.4
57,21.6,4,1,0.7,11,74.3,33.0,32.5
28,40.6,1,3,0.44,9,79.7,33.1,25.1
52,24.5,4,6,0.95,14,51.5,68.2,58.0
21,19.8,3,4,0.22,12,66.8,50.2,47.0
31,23.2,2,5,0.33,14,59.2,56.3,38.6
32,29.7,1,8,0.52,14,52.9,70.6,38.0
19,41.5,1,9,0.87,15,51.5,61.5,33.2
53,37.6,1,8,0.41,17,40.9,61.1,43.5
75,35.6,0,7,0.35,15,48.2,73.3,26.4
87,41.1,4,3,0.49,11,53.3,57.8,50.2
68,19.8,3,1,0.84,11,68.9,20.8,33.7
74,37.3,0,7,0.81,11,53.5,56.8,26.2
78,23.9,2,8,0.36,21,28.7,80.9,54.6
67,33.6,1,2,0.11,5,64.2,30.2,31.8
78,19.3,2,8,0.63,20,36.7,79.6,49.2
53,19.0,1,5,0.7,9,59.7,49.0,25.3
67,26.8,1,9,0.27,22,32.3,80.7,55.0
22,29.9,2,2,0.62,4,82.5,22.8,23.9
53,35.9,1,4,0.39,9,66.1,42.6,36.1
78,27.9,3,9,0.33,21,25.1,95.0,67.0
89,40.3,4,3,0.9,16,55.7,49.8,64.0
80,19.7,1,7,0.89,14,53.5,70.4,39.0
67,27.8,1,5,0.93,13,63.8,43.5,29.4
67,19.7,3,4,0.16,15,52.3,61.6,48.4
61,24.9,2,6,0.18,18,40.3,64.8,47.6
55,32.0,3,8,0.95,14,42.3,81.8,52.4
49,22.4,1,1,0.88,5,83.9,1.0,9.7
57,22.4,0,7,0.18,16,49.4,63.1,32.2
83,31.0,4,4,0.97,15,54.4,61.4,54.4
80,41.9,4,8,0.66,20,33.5,91.5,71.3
45,36.6,0,7,0.82,12,60.2,38.8,24.1
25,18.8,2,4,0.35,11,67.4,48.7,30.5
46,37.0,2,2,0.69,6,77.6,23.1,25.9
74,22.6,3,9,0.58,21,32.9,89.3,65.2
68,33.7,2,5,0.9,16,62.5,47.7,42.1
82,36.7,2,3,0.95,11,67.5,25.3,32.8
73,27.1,1,6,0.95,15,54.9,39.0,32.0
39,36.9,0,5,0.25,10,68.8,45.9,18.6
86,40.7,4,2,0.7,11,60.4,47.9,48.4
57,26.7,0,5,0.16,10,63.6,41.9,30.0
27,31.7,1,4,0.44,7,68.0,32.0,21.2
48,39.8,4,7,0.63,19,39.5,81.4,54.2
79,22.1,3,5,0.66,16,44.2,64.8,53.4
41,40.6,3,5,0.65,14,58.2,53.4,44.6
45,27.5,4,4,0.13,16,48.1,61.0,54.7
65,34.2,2,1,0.48,8,70.1,18.0,33.7
75,35.0,2,6,0.34,20,42.5,63.8,49.1
76,31.6,2,5,0.58,15,54.9,50.9,39.8
22,32.3,2,6,0.53,10,55.3,54.7,42.0
56,26.2,4,1,0.43,10,70.0,24.6,47.3
47,35.6,3,5,0.94,12,59.0,49.3,39.0
44,25.6,2,3,0.79,10,73.8,22.7,31.8
75,40.8,1,2,0.5,11,74.7,29.8,19.0
60,38.5,4,9,0.85,20,26.7,86.9,64.2
19,35.5,2,4,0.37,13,67.4,35.9,36.6
57,40.9,0,2,0.76,4,83.3,18.4,15.5
48,23.9,4,9,0.95,19,30.7,82.8,64.6
67,29.4,1,2,0.87,4,72.6,16.0,17.0
29,37.3,2,1,0.2,9,77.1,29.6,29.5
59,18.6,2,8,0.12,20,32.8,84.9,52.2
21,36.3,2,3,0.76,8,78.0,28.1,25.0
67,32.1,1,5,0.49,13,59.1,48.5,40.9
61,27.5,2,1,0.44,5,70.1,16.8,37.9
48,28.1,2,5,0.25,16,58.5,53.2,44.7
32,35.7,3,8,0.23,21,38.1,89.7,54.9
54,33.3,0,7,0.86,15,57.4,46.5,27.4
44,40.3,2,3,0.78,13,73.5,35.6,30.0
57,20.9,3,4,0.43,10,53.4,51.3,47.2
82,30.4,1,4,0.91,13,70.4,32.8,36.3
84,27.7,1,7,0.12,19,36.7,75.5,43.2
31,29.5,4,1,0.31,9,68.8,38.3,37.3
34,34.6,4,7,0.68,16,49.0,71.7,58.0
58,28.7,4,4,0.47,13,52.1,50.4,51.8
73,22.4,2,2,0.41,13,63.3,38.0,35.0
40,41.3,4,9,0.59,20,31.1,95.0,63.4
32,26.5,1,6,0.24,11,52.9,56.1,31.9
55,27.0,4,4,0.26,18,47.7,69.8,52.6
33,23.6,1,2,0.61,5,82.8,17.4,23.2
66,23.2,1,4,0.21,11,61.2,43.8,29.1
56,32.5,1,9,0.21,19,39.3,74.0,41.5
22,40.7,1,1,0.61,5,91.1,14.1,12.7
26,31.8,1,5,0.54,8,63.8,36.3,25.5
23,37.5,4,3,0.63,11,67.5,40.5,49.1
56,19.4,2,9,0.95,15,44.2,83.6,31.6
24,26.9,4,3,0.56,9,62.8,42.0,48.9
57,29.6,4,6,0.4,19,39.6,75.8,66.3
47,23.6,4,8,0.39,21,32.3,91.0,68.2
48,19.3,4,3,0.91,10,63.7,36.1,49.2
47,27.9,0,9,0.16,13,40.1,81.8,37.7
87,26.0,4,9,0.66,19,20.8,95.0,70.0
53,34.4,1,9,0.42,17,39.5,82.9,45.2
27,29.2,0,5,0.9,8,76.3,28.6,15.9
20,19.0,0,9,0.77,12,55.6,61.6,23.8
57,23.6,1,2,0.31,5,71.5,26.9,28.0
61,35.6,3,9,0.26,23,25.4,89.4,73.5
88,21.0,1,4,1.0,14,59.0,31.6,36.4
74,24.8,0,7,0.22,19,45.1,68.9,33.5
84,19.9,3,2,0.98,12,65.3,23.0,40.9
28,35.2,3,5,0.73,13,60.9,56.7,40.4
66,25.7,2,4,0.83,12,59.9,42.8,38.3
82,32.2,0,1,0.88,5,82.0,6.9,15.6
40,21.1,4,3,0.68,15,62.3,45.4,47.1
86,37.3,1,2,0.3,11,60.8,35.3,33.7
79,25.7,0,4,0.73,10,67.0,37.8,26.4
65,28.6,3,9,0.84,20,30.3,84.5,60.2
19,21.6,3,1,0.26,4,72.8,26.3,30.2
46,35.3,2,4,0.97,12,67.6,42.5,23.1
72,30.6,0,5,0.8,10,64.4,47.9,17.8
72,37.7,4,8,0.94,23,34.5,83.8,63.7
56,35.9,4,1,0.86,8,72.1,20.4,48.8
65,27.0,2,4,0.13,13,54.4,57.5,42.7
69,31.7,4,8,0.58,24,28.7,91.7,67.4
83,37.5,4,1,0.81,11,64.9,24.1,41.7
61,37.9,3,1,0.9,7,75.0,22.0,30.4
21,22.5,2,9,0.2,17,36.7,73.9,54.4
81,20.0,0,1,0.32,5,66.2,24.3,19.3
41,34.1,4,7,0.96,16,47.5,74.4,54.2
65,33.0,1,5,1.0,13,63.3,36.3,31.4
42,22.7,4,1,0.39,10,72.6,41.0,43.6
49,20.3,4,5,0.81,13,53.4,53.1,51.9
49,22.9,4,5,0.78,13,52.1,56.8,49.7
65,21.6,2,5,0.85,14,61.2,48.1,40.8
83,19.6,4,5,0.22,20,37.1,77.3,69.3
66,28.9,0,1,0.71,5,86.9,5.8,16.6
83,29.0,4,4,0.52,15,44.7,62.2,57.0
25,27.9,4,7,0.35,18,41.2,79.9,58.0
42,31.2,3,7,0.71,15,48.9,68.5,53.6
60,40.3,1,2,0.89,5,77.4,18.2,19.2
19,20.2,1,5,0.98,7,75.7,32.3,27.7
84,24.4,0,8,0.78,19,46.1,57.3,36.2
84,36.2,1,7,0.66,19,43.7,74.2,40.0
49,35.7,0,3,0.83,6,77.9,23.1,8.5
27,35.6,2,1,0.3,6,78.8,16.2,23.0
68,19.2,2,3,0.98,9,72.2,18.0,27.5
56,41.0,2,7,0.89,16,47.3,70.6,47.2
67,23.2,2,3,0.16,9,56.5,49.9,44.9
68,21.7,2,2,0.88,6,69.4,19.8,28.2
35,41.5,1,3,0.72,9,76.7,25.0,20.4
71,35.5,0,2,0.17,12,69.4,30.2,24.1
23,37.9,0,3,0.4,3,80.6,29.2,20.8
41,29.4,1,6,0.35,12,55.0,53.6,31.1
79,19.3,4,1,0.65,12,61.4,42.3,45.6
38,29.6,4,9,0.13,21,21.8,95.0,68.9
44,23.6,3,2,0.17,8,63.5,46.7,35.0
20,24.3,4,4,0.65,12,65.5,36.7,49.0
55,20.3,0,3,0.45,11,73.2,31.9,19.4
70,28.2,0,3,0.74,10,78.2,9.2,20.0
88,22.9,0,6,0.63,13,46.8,50.7,33.0
62,34.5,0,5,0.79,11,69.0,30.5,19.7
48,24.7,1,3,0.57,9,76.0,30.9,32.0
55,20.3,0,6,0.28,16,55.2,42.9,28.6
57,31.4,0,9,0.26,17,39.1,78.7,37.3
63,39.6,0,2,0.99,8,86.1,9.8,17.7
50,32.5,3,7,0.37,17,36.4,74.8,61.2
82,19.4,1,2,0.68,7,71.5,25.2,26.3
68,23.6,2,4,0.68,15,61.6,38.3,31.4
84,41.6,0,2,0.49,6,68.0,21.6,12.8
61,24.9,3,9,0.48,21,30.3,90.9,65.4
33,23.6,2,7,0.27,17,47.6,70.5,40.5
89,37.1,2,7,0.92,18,39.9,66.8,49.0
18,22.9,1,7,0.28,13,56.2,55.8,35.5
58,19.7,1,7,0.92,15,50.8,55.2,36.9
19,37.6,1,9,0.53,15,53.5,67.1,33.2
26,32.8,1,8,0.83,17,55.6,59.0,35.4
65,39.9,1,4,0.74,13,66.0,39.7,21.3
32,30.0,0,1,0.84,3,96.9,1.0,5.1
66,34.1,3,9,0.84,23,29.1,87.0,53.8
51,31.1,0,3,0.67,8,71.7,18.3,13.8
59,23.6,2,7,0.98,17,53.0,61.1,38.2
66,34.7,4,9,0.73,22,29.9,95.0,61.2
27,29.3,0,7,0.34,10,59.5,54.5,29.5
79,24.2,1,4,0.92,10,64.1,35.4,28.1
29,19.5,1,4,0.89,7,79.8,23.9,18.8
32,35.7,2,5,0.82,13,68.1,51.8,27.5
18,21.7,3,4,0.51,10,64.3,45.5,42.3
21,27.9,2,6,0.34,12,58.4,57.8,38.5
47,27.7,2,9,0.62,19,33.5,78.2,50.7
73,20.2,1,9,0.69,22,38.8,80.8,47.0
86,33.9,2,6,0.28,17,42.2,78.9,50.9
40,29.5,1,5,0.48,10,63.6,46.6,33.8
22,24.9,4,2,0.85,7,72.8,26.8,39.5
47,22.0,4,5,0.58,16,53.2,69.4,59.7
23,24.5,4,5,0.71,15,60.0,48.8,48.6
78,41.8,1,6,0.67,18,52.7,61.2,34.0
55,24.3,4,1,0.91,11,72.3,23.9,40.4
32,21.6,0,1,0.55,4,84.3,1.4,3.6
30,31.2,2,5,0.24,12,55.9,54.2,36.1
31,36.5,4,8,0.54,17,38.7,83.0,70.2
24,34.8,3,1,0.35,2,71.1,29.7,30.9
68,32.7,0,4,0.88,9,72.8,30.4,18.5
46,30.8,0,4,0.62,9,74.7,33.3,26.3
73,23.2,1,4,0.32,14,56.8,54.1,36.0
89,26.1,4,4,0.58,15,47.6,66.4,60.4
38,36.0,1,2,0.35,9,73.5,21.7,20.7
81,40.1,3,9,0.14,24,20.4,95.0,71.3
69,27.9,2,7,0.7,16,51.2,72.8,44.7
66,22.2,0,5,0.64,7,66.1,42.3,28.1
52,25.4,4,5,0.32,18,48.4,61.4,55.6
85,38.4,2,6,0.78,18,44.7,70.4,47.6
32,22.0,3,8,0.94,16,45.7,73.9,45.7
35,37.1,2,2,0.53,8,74.6,16.0,24.1
24,34.1,4,6,0.2,17,45.3,71.5,57.5
42,32.9,4,4,0.12,15,48.8,59.1,56.2
34,31.9,1,8,0.3,18,42.6,68.1,36.7
77,31.9,4,3,0.18,18,48.6,63.4,48.5
89,20.7,3,1,0.2,13,60.0,43.0,48.2
34,34.3,1,8,0.56,18,48.5,67.6,29.7
69,31.3,3,4,0.94,11,55.7,48.9,49.1
46,37.8,2,2,0.28,11,74.1,29.4,30.4
64,33.3,3,5,0.59,15,51.9,52.1,45.0
66,22.3,4,7,0.47,24,33.9,92.6,56.5
34,34.9,4,8,0.24,22,34.7,89.7,60.3
62,32.4,3,1,0.56,9,71.3,25.3,31.4
40,23.5,3,9,1.0,17,41.7,80.2,57.9
75,26.8,4,3,0.44,11,49.7,57.3,55.0
35,41.1,4,1,0.61,6,73.9,18.1,38.2
18,22.1,1,1,0.82,1,94.9,1.0,5.8
32,25.3,2,1,0.3,7,78.2,8.0,28.3
57,38.5,4,5,0.63,18,52.1,61.3,58.7
61,30.9,4,1,0.92,6,75.3,25.9,33.4
45,41.1,0,9,0.38,17,50.8,69.2,34.6
67,39.0,2,4,0.11,13,53.6,56.6,47.2
73,37.1,1,8,0.9,18,46.4,66.6,45.0
77,27.3,2,6,0.95,17,56.1,58.7,43.3
79,28.6,3,3,0.11,14,47.5,60.6,50.7
45,26.5,3,6,0.43,15,48.7,71.0,50.5
74,34.3,0,9,0.78,16,39.9,63.7,37.1
25,20.5,3,6,0.86,10,62.2,62.2,40.0
73,35.6,3,6,1.0,15,51.3,68.7,47.1
66,30.3,4,5,0.98,15,52.7,53.6,55.5
37,20.0,2,8,0.87,15,48.9,71.2,39.6
31,30.7,2,1,0.45,6,82.1,15.5,28.4
49,31.9,1,3,0.95,8,74.1,27.5,23.7
30,19.3,0,9,0.79,15,49.7,65.2,32.1
37,31.4,2,2,0.28,7,69.7,24.8,24.8
55,25.5,0,7,0.71,9,61.6,58.2,29.8
69,41.4,4,1,0.26,12,60.8,44.5,49.0
84,32.1,1,3,0.63,10,66.9,30.9,33.4
53,35.1,0,5,0.64,13,72.5,39.1,24.8
75,31.3,3,2,0.34,10,61.9,36.6,42.0
32,25.5,4,3,0.19,13,63.2,45.9,46.0
37,22.5,3,3,0.92,9,71.3,23.9,34.2
83,37.9,4,1,0.74,8,69.1,31.2,44.0
20,20.6,0,4,0.4,9,76.2,31.0,11.8
59,34.8,0,1,0.43,6,81.2,14.7,12.8
38,34.2,1,8,0.65,19,48.2,60.6,30.9
44,21.1,1,9,0.43,19,42.1,75.3,46.7
34,26.7,1,6,0.16,13,54.5,69.3,38.9
24,23.3,0,5,0.82,10,76.5,29.0,13.3
35,31.0,2,3,0.75,7,77.3,35.8,22.8
72,25.5,3,6,0.42,20,41.9,71.0,57.0
71,24.0,2,6,0.99,11,52.2,48.1,34.3
87,20.4,3,2,0.24,12,58.8,42.2,47.8
80,37.9,1,7,0.59,18,41.3,68.8,39.7
65,40.3,1,2,0.29,11,72.2,26.9,25.7
27,18.6,2,1,0.47,5,83.3,22.2,22.8
26,23.4,1,8,0.68,13,50.3,62.3,34.8
78,20.9,0,2,0.75,5,80.5,18.1,11.7
24,35.6,2,2,0.29,7,74.6,25.5,27.7
26,36.0,2,3,0.7,9,80.9,26.3,28.1
49,22.6,1,3,0.39,13,70.8,37.5,25.3
22,37.1,4,8,0.89,14,44.6,75.6,49.5
20,31.4,1,9,0.3,15,44.7,68.6,40.7
78,24.0,3,4,0.26,15,47.3,62.5,48.0
21,23.9,1,8,0.49,14,50.0,68.9,40.1
59,26.5,0,4,0.4,7,67.5,40.9,24.7
89,22.8,2,8,0.13,21,28.2,88.0,53.0
57,25.7,3,8,0.49,17,36.7,83.9,46.4
47,29.0,2,5,0.68,12,62.6,44.4,31.4
45,39.0,3,4,0.91,14,67.8,45.8,48.9
19,18.9,1,1,0.51,6,89.4,8.0,15.2
54,26.4,1,2,0.69,7,75.4,23.5,19.8
77,22.9,2,5,0.76,12,49.0,55.7,41.6
36,31.4,0,2,0.43,4,87.1,18.4,6.7
53,29.6,1,9,0.72,18,44.3,76.4,41.1
43,23.6,4,1,0.23,10,69.2,37.7,46.9
64,25.2,4,2,0.35,11,62.7,43.2,51.8
32,34.6,1,6,0.28,12,58.7,48.1,32.1
62,26.4,1,6,0.87,9,55.4,50.7,33.4
87,18.7,4,2,0.62,12,57.9,47.3,56.7
56,30.1,4,2,0.85,13,65.6,38.9,51.1
29,38.3,0,2,0.5,6,81.9,7.8,6.1
41,30.3,4,9,0.89,17,38.0,81.7,62.7
80,34.5,2,9,0.87,19,32.8,91.4,50.8
66,40.3,1,8,0.43,16,43.2,69.6,45.6
85,33.7,4,2,0.6,12,60.0,44.3,61.5
36,23.1,3,5,0.29,12,53.4,60.2,48.8
56,38.7,1,4,0.35,10,62.5,41.3,33.9
59,41.6,4,1,0.44,11,67.2,33.5,37.8
67,19.8,2,1,0.7,8,77.6,18.0,31.1
34,35.0,0,6,0.82,8,67.6,36.9,21.2
42,26.9,4,7,0.49,18,36.3,78.8,63.1
77,36.8,2,8,0.53,19,35.9,84.0,49.7
19,19.0,1,9,0.25,16,40.6,65.3,36.2
21,26.9,1,3,0.68,5,81.5,23.2,20.0
38,34.6,1,3,0.48,10,74.1,23.9,22.0
29,37.9,0,5,0.12,11,63.0,47.5,21.7
43,29.2,1,8,0.14,17,42.0,77.8,39.2
85,38.4,1,5,0.71,14,52.6,36.8,34.5
77,32.9,1,3,0.57,10,71.0,44.3,34.6
46,35.5,1,7,0.16,14,49.3,75.9,43.7
59,30.7,3,2,0.33,11,62.6,41.6,46.5
75,33.1,0,3,0.38,10,70.6,28.6,24.8
46,29.5,1,9,0.5,16,49.7,84.1,42.6
22,23.8,3,5,0.88,15,60.8,40.7,42.4
64,37.2,2,4,0.38,11,54.5,44.0,37.2
69,25.9,1,1,0.77,5,78.2,9.7,17.4
78,31.6,2,1,0.75,8,74.8,18.7,32.0
78,31.4,4,1,0.94,7,72.8,34.4,43.0
45,23.5,1,2,0.35,6,72.7,25.6,17.7
77,37.8,1,7,0.84,15,46.4,64.1,36.7
57,19.1,3,7,0.45,20,40.7,72.1,51.8
67,26.4,3,3,0.29,11,52.5,47.6,52.2
44,35.9,2,1,0.33,9,71.9,24.6,29.4
45,23.2,3,4,0.77,12,64.3,44.1,39.0
26,21.5,4,5,0.49,11,55.5,59.0,55.0
33,25.8,1,4,0.54,8,71.9,31.1,22.3
46,40.7,4,8,0.58,19,35.2,86.0,68.3
58,41.8,0,1,0.66,8,84.6,6.6,6.7
34,27.4,2,7,0.22,15,52.4,64.6,45.9
88,37.1,2,9,0.19,24,21.7,85.3,63.4
60,36.2,4,8,0.85,18,33.2,81.3,62.5
76,33.0,2,6,0.61,20,47.9,55.2,46.2
69,30.6,1,8,0.96,10,44.4,60.9,40.1
22,35.2,3,1,0.11,9,71.1,31.3,36.5
42,40.4,1,1,0.14,4,75.2,14.1,20.1
76,30.7,4,8,0.57,26,29.0,92.0,67.6
71,23.2,3,1,0.53,11,70.1,31.0,39.2
48,22.6,2,2,0.32,10,66.4,22.4,36.3
33,23.4,1,6,0.38,12,60.9,45.6,36.0
76,24.2,1,1,0.29,9,71.0,22.7,22.7
88,23.0,2,3,0.18,14,50.8,45.9,47.7
59,30.4,2,1,0.81,7,80.5,8.2,24.6
32,40.4,2,5,0.57,12,58.3,48.8,36.6
43,27.8,0,3,0.86,5,79.2,14.8,14.3
24,25.2,0,3,0.13,6,73.5,25.2,14.3
85,40.0,1,9,0.46,20,32.0,87.1,46.8
40,23.2,0,6,0.96,12,71.3,41.2,24.4
58,24.7,0,7,0.95,14,58.7,44.2,20.9
55,32.3,4,7,0.25,24,31.6,72.4,54.5
59,23.0,0,1,0.79,3,82.2,1.0,10.2
42,28.7,1,9,0.85,19,51.6,63.6,42.0
62,31.4,4,5,0.84,16,51.0,44.9,60.4
57,39.6,1,8,0.26,15,39.6,67.4,44.8
80,26.7,4,8,0.23,25,27.7,95.0,68.9
47,22.9,2,6,0.77,15,57.0,47.2,31.8
57,34.8,2,8,0.72,18,45.4,68.5,51.4
65,26.6,3,6,0.11,20,34.3,73.9,53.0
60,32.7,3,8,0.59,17,33.3,79.5,56.4
78,22.6,0,3,0.68,12,67.3,30.6,24.6
32,33.9,3,6,0.13,13,41.1,79.1,49.8
55,34.6,3,3,0.41,13,65.9,50.5,30.7
60,25.3,1,8,0.24,20,40.6,71.3,43.3
21,26.0,0,3,0.85,7,91.2,16.4,13.8
38,35.2,0,2,0.55,2,82.9,12.0,12.4
86,21.5,3,4,0.93,13,54.3,55.0,46.4
24,24.6,3,4,0.38,11,65.2,37.6,48.3
52,24.0,3,4,0.66,11,59.5,54.0,42.9
60,20.1,0,4,0.79,10,76.9,33.2,18.8
39,37.6,1,2,0.51,6,81.8,17.2,17.8
73,35.0,3,1,0.98,10,75.5,29.2,37.8
58,35.1,2,5,0.73,13,58.0,48.5,39.1
57,39.3,3,6,0.49,16,46.8,74.1,51.3
57,25.3,3,2,0.85,10,74.3,23.8,39.0
24,19.9,2,1,0.37,1,81.6,15.1,20.0
50,34.8,2,8,0.32,21,40.7,69.0,52.4
30,36.8,3,3,0.14,10,58.6,46.1,35.5
84,30.3,1,5,0.24,14,49.3,57.5,34.3
62,39.5,2,8,0.67,19,43.7,76.3,53.8
35,28.8,2,4,0.94,12,70.9,31.6,31.1
88,41.7,0,8,0.39,20,45.9,79.9,43.1
18,25.7,0,4,0.44,3,75.7,25.2,14.5
73,41.7,1,4,0.75,14,63.2,42.7,32.6
64,24.9,2,3,0.18,13,58.6,49.2,37.4
75,19.4,0,1,0.69,6,81.5,11.3,14.8
55,40.2,4,2,0.81,10,58.3,37.5,39.9
57,25.5,1,8,0.64,19,43.6,71.8,42.4
65,20.6,3,9,0.2,23,22.0,92.2,68.9
79,20.0,3,5,0.49,15,50.7,61.2,53.6
46,23.8,4,3,0.59,14,67.5,43.4,45.0
63,33.4,4,3,0.53,13,52.1,47.2,43.1
56,38.7,0,2,0.25,4,72.0,28.4,16.1
68,28.5,1,6,0.46,15,53.8,61.3,38.0
49,30.3,0,6,0.25,13,59.9,61.4,22.7
37,35.9,4,6,0.43,17,49.2,74.4,61.4
77,38.8,1,3,0.57,9,63.2,34.6,25.9
69,34.3,4,9,0.14,23,20.4,95.0,72.6
36,33.0,4,5,0.71,14,57.1,61.1,54.2
35,39.7,0,3,0.35,8,77.3,22.3,17.8
79,23.9,1,4,0.25,7,53.2,48.4,37.9
39,35.6,3,6,0.52,16,42.9,58.3,58.0
28,29.1,3,5,0.98,11,63.6,41.3,40.6
51,23.9,4,9,0.93,18,37.9,93.6,62.8
51,26.8,4,4,0.64,18,58.3,49.7,49.6
26,38.5,1,2,0.5,4,82.4,12.4,9.2
75,38.0,1,2,0.99,8,78.2,11.0,20.2
77,39.3,4,6,0.41,17,35.3,77.5,62.4
44,23.7,4,6,0.14,13,36.8,74.9,65.8
31,22.7,4,6,0.18,17,47.8,80.9,58.1
76,41.7,4,8,0.99,19,32.9,82.2,62.0
76,28.5,1,2,0.85,7,71.2,24.2,16.4
46,27.2,3,3,0.52,7,64.9,45.3,35.4
66,25.9,3,7,0.62,18,34.8,77.6,53.2
31,36.2,4,2,0.44,10,73.3,31.9,51.0
22,23.6,0,6,0.41,11,67.2,32.1,32.7
61,38.3,0,3,0.4,7,71.1,22.4,20.7
23,38.7,1,2,0.89,6,84.9,9.2,11.4
69,28.0,1,1,0.38,9,74.7,19.0,23.3
44,37.0,2,3,0.45,11,69.0,28.7,35.9
88,21.4,1,9,0.62,20,35.9,75.0,58.6
43,37.5,2,8,0.38,15,42.3,74.3,44.1
80,41.6,1,2,0.33,11,73.8,33.8,25.4
56,25.8,4,8,0.57,17,31.2,90.8,65.5
21,21.2,4,7,0.96,16,56.5,63.8,41.5
61,25.6,3,6,0.23,19,43.2,64.7,54.8
34,39.3,2,4,0.46,11,66.7,50.4,35.8
83,20.0,4,9,0.52,26,21.2,95.0,76.2
34,29.8,3,2,0.97,5,83.6,19.9,27.0
27,30.8,2,5,0.38,16,59.8,43.6,35.1
85,23.8,0,7,0.45,16,46.1,66.3,30.9
76,21.8,1,8,0.6,20,39.4,72.7,36.9
51,41.9,4,7,0.92,19,42.6,71.8,51.2
77,37.7,4,6,0.84,18,37.9,75.6,59.3
86,40.4,1,2,0.7,8,65.3,25.8,33.8
84,22.6,2,8,0.7,17,38.7,86.9,48.3
78,27.1,4,3,0.63,16,52.9,55.6,56.1
58,39.5,2,6,0.68,14,48.6,56.3,43.6
57,32.0,4,2,0.31,12,60.2,50.7,46.4
89,30.9,1,9,0.2,21,27.5,90.1,57.7
29,19.3,0,9,0.35,14,48.0,68.8,36.0
69,40.1,0,8,0.18,18,38.2,68.9,37.8
18,23.3,1,2,0.51,4,84.2,14.9,16.1
88,35.9,4,7,0.45,22,27.6,95.0,65.1
54,20.0,3,5,0.12,14,44.1,67.6,45.3
46,30.3,1,6,0.16,13,55.0,59.5,43.5
32,40.9,3,1,0.14,5,65.7,32.7,29.0
85,36.9,4,6,0.74,16,43.4,82.1,61.8
32,40.6,0,5,0.8,5,71.7,39.0,11.4
82,39.4,0,8,0.25,18,36.6,68.3,41.0
55,21.9,4,6,0.99,19,48.2,70.3,53.3
41,34.2,0,9,0.95,12,55.4,68.3,27.1
52,19.5,1,6,0.46,17,53.7,47.0,36.3
74,41.0,0,1,0.64,8,82.7,13.8,14.9
73,38.1,0,2,0.8,9,74.8,3.2,14.3
26,28.0,2,3,0.75,9,77.6,25.2,26.3
50,39.1,2,2,0.37,10,67.2,30.3,28.7
24,26.8,3,3,0.59,12,70.4,33.6,32.8
86,24.1,1,8,0.72,18,39.3,71.1,44.5
72,23.8,3,2,0.41,11,59.0,38.4,51.0
35,31.5,3,6,0.5,19,55.6,59.7,47.0
43,27.9,4,8,0.54,21,30.9,82.4,62.6
52,31.7,4,3,0.57,12,56.3,37.8,56.9
51,29.9,3,2,0.3,12,67.7,45.1,48.3
85,28.9,0,4,0.68,13,63.6,29.1,21.0
25,39.6,1,8,0.43,18,54.9,58.1,33.4
31,37.8,1,1,0.93,4,90.6,1.0,9.6
54,35.1,1,1,0.44,6,84.2,6.3,14.8
72,24.6,4,8,0.76,19,31.3,95.0,64.8
85,38.9,0,6,0.41,15,50.2,59.5,35.2
75,26.2,4,7,0.17,21,32.4,93.5,58.0
18,31.5,4,6,0.84,15,57.7,49.0,52.9
89,33.5,3,2,0.49,12,53.9,48.5,43.2
84,31.3,3,4,0.87,14,53.0,55.0,46.8
48,23.0,1,4,0.88,11,70.8,33.6,25.0
25,29.3,1,9,0.81,18,50.7,68.1,38.0
56,22.9,3,9,0.33,20,31.5,94.7,59.9
70,41.2,1,2,0.82,11,79.3,20.9,27.3
27,40.5,0,9,0.26,13,48.9,64.2,39.0
71,24.0,0,2,0.69,8,77.3,15.9,19.2
75,20.5,0,5,0.9,13,63.4,42.4,27.9
80,24.2,3,4,0.3,13,52.3,59.9,52.5
58,27.5,0,4,0.17,12,63.5,41.9,23.6
68,19.2,2,9,0.54,18,37.5,88.4,53.0
23,19.0,0,9,0.35,18,45.3,59.6,30.8
26,19.3,0,8,0.52,14,55.0,51.3,25.3
76,21.8,4,8,0.12,21,28.2,95.0,70.2
61,34.3,0,7,0.66,20,58.2,65.2,28.5
18,38.3,0,2,0.75,5,89.8,4.2,2.0
65,25.1,4,9,0.46,24,24.2,95.0,66.2
50,26.1,0,9,0.95,13,53.8,61.9,24.2
38,22.0,4,5,0.23,12,49.3,64.4,50.4
62,30.0,2,7,0.21,21,39.6,70.2,53.0
75,35.7,1,6,0.38,16,52.8,59.6,42.5
25,20.9,2,7,0.14,14,47.0,76.0,42.4
67,29.0,3,2,0.25,12,58.3,42.0,47.1
66,41.5,4,9,0.88,18,26.8,94.5,66.4
74,29.6,3,6,0.64,13,42.5,58.3,51.6
83,23.2,1,8,0.99,14,45.1,72.3,40.7
59,40.1,3,8,0.84,16,38.1,79.3,58.7
72,27.1,0,1,0.92,6,90.0,5.1,8.4
71,22.8,2,4,0.41,17,52.3,45.6,40.6
67,32.9,0,6,0.75,13,60.4,45.3,24.3
20,30.2,0,9,0.78,13,63.4,57.4,23.7
62,19.9,0,9,0.17,21,37.7,88.1,35.5
29,27.4,2,9,0.88,16,45.6,70.6,44.4
55,30.9,1,9,0.83,19,47.3,69.1,43.7
80,24.8,3,6,0.87,14,45.4,62.2,50.0
22,33.9,1,8,0.37,17,54.6,60.6,39.8
83,24.2,1,6,0.45,19,45.8,52.3,39.3
46,40.1,3,5,0.37,12,52.0,60.6,50.8
27,30.6,0,7,0.24,15,56.5,61.6,28.9
30,22.4,0,8,0.53,14,53.5,61.1,27.9
50,23.4,0,6,0.99,5,68.2,35.0,22.1
31,35.1,4,9,0.2,20,28.1,95.0,69.8
19,29.4,2,3,0.63,7,79.1,30.4,24.3
62,34.5,3,5,0.75,16,59.4,44.3,54.4
88,42.0,2,9,0.49,23,28.7,90.4,64.7
37,35.4,1,3,0.9,7,77.4,21.5,19.0
54,23.1,3,4,0.67,12,56.1,41.9,45.7
80,24.4,2,7,0.64,15,44.1,68.9,48.5
82,36.7,2,2,0.28,10,64.1,29.5,37.2
39,30.0,1,9,0.73,17,51.2,71.7,37.7
76,40.5,3,9,0.28,22,26.0,95.0,66.5
41,37.8,2,6,0.99,17,59.0,45.9,32.7
73,39.7,0,1,0.71,4,82.6,9.3,5.8
41,21.4,0,5,0.37,10,62.4,31.2,16.8
36,21.1,2,8,0.17,16,44.4,76.7,55.3
47,24.0,0,9,0.34,18,47.9,74.0,34.2
27,36.9,2,9,0.64,16,45.1,71.3,44.1
32,29.6,4,5,0.85,11,57.6,52.6,45.6
25,27.5,0,3,0.99,3,94.7,10.9,11.0
34,25.4,0,4,0.22,10,66.4,39.1,29.1
37,20.5,1,1,0.75,4,90.0,5.3,13.3
88,19.3,4,2,0.2,17,52.3,61.2,52.7
26,24.4,1,3,0.96,6,88.1,18.7,14.6
20,32.9,1,3,0.32,10,80.4,25.4,23.9
48,21.1,3,9,0.38,24,33.4,95.0,55.3
29,27.3,1,6,0.94,12,72.0,39.9,24.8
71,32.3,4,7,0.26,21,29.6,80.8,67.2
54,39.5,2,1,0.55,9,77.1,14.4,21.8
20,35.5,1,1,0.23,2,83.8,8.6,18.8
48,23.9,2,5,0.37,13,57.4,61.1,39.2
21,20.3,3,2,0.93,6,84.2,18.8,29.0
29,22.3,1,8,0.48,13,55.0,70.5,38.2
36,30.3,3,1,0.26,7,74.9,22.6,40.7
50,40.4,2,8,0.87,13,49.4,76.8,40.9
47,31.0,0,2,0.34,5,76.6,16.8,13.7
50,41.0,3,5,0.81,10,55.9,58.1,45.4
82,33.1,4,3,0.31,15,48.0,56.2,60.0
62,19.4,3,4,0.9,12,59.9,44.0,41.0
74,24.4,2,3,0.35,10,59.6,45.4,32.2
55,40.5,4,5,0.95,14,52.2,51.6,49.9
43,36.4,1,4,0.58,10,66.9,36.8,31.9
38,28.9,3,7,0.34,19,38.7,77.2,47.1
43,40.4,4,7,0.93,15,43.6,70.8,53.3
34,34.0,4,7,0.9,17,55.6,74.5,51.3
31,30.7,0,5,0.97,10,77.1,26.9,14.9
84,39.4,2,4,0.1,15,42.9,59.0,43.1
63,34.3,4,6,0.29,19,37.7,78.7,64.6
49,28.0,0,3,0.55,10,78.6,25.5,15.2
71,41.1,3,1,0.84,9,73.8,24.4,30.8
85,38.8,0,7,0.68,19,50.1,60.2,39.8
18,19.7,0,3,0.12,9,75.9,30.5,14.2
43,25.1,4,9,0.72,22,29.2,89.6,64.5
76,33.6,0,5,0.16,10,54.5,55.2,33.0
46,29.8,4,2,0.95,11,67.0,25.7,47.5
44,41.5,4,4,0.58,16,62.5,54.1,46.6
82,36.8,1,3,0.24,9,57.5,40.7,35.3
42,24.0,3,9,0.71,18,34.2,95.0,59.0
37,31.1,0,2,0.24,4,82.2,18.4,16.5
60,28.6,1,8,0.48,17,44.6,68.8,34.2
25,21.6,1,9,0.24,18,43.5,76.4,40.2
54,25.5,3,3,0.15,16,55.7,59.9,48.5
61,27.6,1,9,0.67,17,36.5,77.7,49.1
38,33.9,0,6,0.95,7,76.3,30.7,20.7
69,19.3,3,9,0.72,20,30.5,95.0,58.7
59,31.6,0,5,0.99,11,71.0,33.1,26.0
82,26.7,2,7,0.34,19,33.5,79.6,47.6
59,25.3,3,9,0.63,17,33.5,89.7,57.7
65,35.3,0,7,0.73,17,60.4,53.1,24.4
34,40.9,1,3,0.52,8,76.6,31.4,20.4
69,22.4,1,4,0.51,12,66.6,33.7,34.8
22,36.9,3,1,0.87,7,80.6,5.7,20.3
86,27.0,3,6,0.11,17,29.7,76.9,64.7
40,37.0,3,1,0.64,4,73.9,17.7,32.7
54,26.4,1,8,0.61,16,47.4,67.0,40.7
22,31.0,4,8,0.92,19,50.6,83.0,60.1
66,41.5,2,4,0.74,13,60.8,46.7,39.6
29,24.6,0,4,0.31,9,75.1,26.8,25.9
37,18.5,0,3,0.3,8,73.1,32.4,16.1
56,40.0,2,1,0.55,5,79.6,20.2,25.5
53,37.2,2,4,0.36,12,59.4,46.0,44.1
38,40.5,1,9,0.6,14,48.0,75.0,41.9
82,33.1,3,2,0.57,10,61.6,39.7,42.1
46,39.4,3,8,0.38,19,39.5,81.2,55.8
88,37.9,3,1,0.44,11,62.0,28.6,45.4
71,22.7,0,5,0.4,14,57.8,43.7,22.8
28,29.8,4,2,0.95,9,74.1,35.3,49.5
69,23.3,3,4,0.42,17,57.4,49.2,47.9
71,41.2,4,4,0.47,19,45.7,64.5,54.5
35,24.8,0,6,0.24,10,56.8,42.2,31.9
67,28.0,0,7,0.65,13,56.8,50.5,34.0
69,35.3,3,9,0.32,22,23.4,95.0,68.8
22,35.3,0,8,0.58,13,58.8,54.5,26.1
70,20.7,4,6,0.25,21,33.7,88.3,58.0
81,36.9,2,1,0.71,7,74.8,20.6,30.8
20,32.3,3,7,0.16,14,45.2,70.3,54.9
45,27.9,1,8,0.25,19,44.1,78.0,41.9
68,35.5,3,4,0.44,15,52.9,56.4,48.0
40,19.2,1,9,0.38,19,42.0,85.1,47.5
89,25.5,1,6,0.65,13,47.2,64.9,32.4
82,23.6,3,1,0.62,10,62.4,41.0,36.6
64,32.2,0,7,0.13,14,43.2,68.6,35.0
71,28.8,2,4,0.67,11,57.8,53.5,34.2
61,41.4,1,3,0.45,7,61.8,29.4,23.1
47,27.2,4,9,0.57,22,24.7,95.0,67.1
68,20.3,0,6,0.27,15,50.0,53.8,29.4
42,41.6,4,9,0.25,18,27.8,95.0,63.1
76,29.5,2,9,0.87,23,40.0,83.3,60.5
52,19.7,2,3,0.73,9,69.6,29.5,25.6
76,33.3,4,7,0.9,14,35.8,69.4,63.7
62,31.9,1,4,0.33,10,62.9,41.7,28.2
63,32.0,0,8,0.76,12,52.1,63.0,27.7
27,20.8,3,4,0.81,11,67.4,41.3,40.3
81,25.3,4,6,0.54,20,36.8,76.6,65.0
33,39.5,4,8,0.95,18,48.3,75.0,57.1
80,36.2,1,2,0.88,6,76.2,22.4,19.3
19,37.1,3,1,0.73,6,88.7,15.1,33.3
51,26.5,1,8,0.46,17,47.0,66.5,37.6
37,35.6,0,2,0.62,4,83.6,5.6,8.7
41,29.8,0,9,0.15,18,38.6,75.8,38.0
71,27.3,1,2,0.55,10,69.0,28.0,29.9
47,41.0,1,3,0.34,8,66.3,23.3,24.1
40,33.1,4,5,0.82,17,56.0,43.8,50.9
46,39.7,4,6,0.87,16,53.1,70.0,54.6
35,28.6,2,4,0.92,10,67.5,29.8,31.7
87,32.9,2,7,0.71,16,46.6,71.4,53.2
49,36.1,4,1,0.42,8,71.5,36.7,48.2
67,27.2,2,4,0.74,12,58.7,42.1,38.6
20,28.7,1,2,0.54,2,87.5,19.9,18.0
77,30.6,3,4,0.17,14,46.0,54.2,55.0
56,20.3,1,9,0.56,17,40.8,77.2,52.4
26,41.2,3,1,0.26,9,75.6,32.4,34.0
29,32.2,0,3,0.4,7,76.6,19.2,17.1
29,23.3,1,8,0.49,15,52.6,67.0,38.1
21,23.5,2,7,0.18,14,46.5,65.1,42.9
30,37.5,0,1,0.91,2,96.3,1.0,2.0
54,24.8,1,2,0.44,10,75.6,19.1,20.8
36,20.1,3,2,0.57,7,73.2,22.4,33.8
64,40.6,2,4,0.62,11,63.1,49.0,32.3
43,41.3,1,5,0.82,11,70.6,44.2,20.8
25,20.1,0,7,0.94,10,70.0,41.3,16.0
35,41.5,0,6,0.52,12,67.8,44.7,21.4
22,41.0,2,7,0.76,13,62.8,56.3,37.7
20,26.5,2,1,0.36,5,87.5,9.5,18.2
19,39.1,2,5,0.76,10,67.6,33.8,31.2
78,26.7,1,7,0.89,16,55.3,63.3,36.3
52,23.2,2,5,0.65,14,61.3,54.4,40.2
77,31.0,3,3,0.97,18,65.5,27.1,40.8
28,33.9,1,4,0.42,7,67.4,34.9,22.4
38,20.6,3,8,0.96,15,46.0,77.6,59.2
23,39.4,3,4,0.7,13,68.0,45.2,35.5
20,20.8,3,7,0.36,16,46.8,66.2,53.7
34,36.3,3,6,0.81,16,55.3,59.5,48.9
57,30.6,3,9,0.85,20,31.8,87.5,58.4
86,30.8,2,5,0.29,14,46.5,62.3,46.0
58,22.3,3,9,0.54,25,26.2,88.3,60.5
61,34.3,0,9,0.61,18,44.1,75.2,37.9
51,20.1,0,9,0.85,14,53.9,66.0,37.2
54,40.0,0,4,0.8,7,75.9,29.6,18.1
20,41.0,2,3,0.37,7,74.8,31.5,29.3
34,19.4,4,4,0.65,12,60.1,38.5,47.8
60,33.8,3,3,0.21,11,58.3,53.2,49.7
24,26.1,3,4,0.83,9,71.6,31.3,39.2
39,34.9,4,5,0.75,18,59.1,59.0,54.6
20,24.0,2,4,1.0,11,78.5,32.9,24.4
29,34.9,0,5,0.67,11,73.3,29.8,21.2
44,28.7,2,7,0.45,19,44.7,70.2,49.5
36,36.4,1,3,0.68,4,76.1,20.2,18.6
25,23.1,1,1,0.4,3,85.6,10.5,15.3
86,22.0,4,6,0.36,20,33.8,82.9,60.8
52,41.0,0,5,0.52,12,66.4,37.0,25.2
24,36.2,2,2,0.22,8,77.3,27.1,28.5
55,40.2,1,8,0.97,16,48.6,62.2,42.2
57,32.9,2,1,0.79,8,83.1,13.3,20.2
60,31.6,1,1,0.33,6,74.5,26.9,20.2
56,36.8,2,9,0.97,19,38.9,66.6,44.4
19,35.7,4,3,0.3,8,68.3,52.1,45.9
85,36.2,2,2,0.91,9,66.8,17.3,34.2
33,30.1,2,4,0.57,8,65.2,41.4,22.6
32,41.1,0,9,0.44,13,43.8,66.4,37.2
71,29.3,3,7,0.75,14,47.1,70.2,57.2
33,23.2,3,5,0.89,13,66.7,44.8,46.8
32,35.6,3,3,0.79,11,70.9,40.3,32.5
61,33.8,1,1,0.75,11,81.9,10.1,22.1
27,18.8,2,5,0.13,16,57.3,46.3,40.7
27,23.0,4,8,0.28,18,34.5,92.8,65.3
67,28.9,0,4,0.73,8,70.1,34.4,24.5
54,29.1,2,1,0.52,8,76.7,27.5,31.2
22,31.8,4,1,0.93,8,80.7,14.6,31.9
18,37.8,3,7,0.85,11,59.9,56.2,42.9
87,32.5,1,7,0.78,18,44.1,66.8,37.3
26,32.2,1,5,0.55,10,64.2,39.2,22.4
37,41.5,0,7,0.5,14,64.0,49.7,27.2
79,30.0,3,8,0.41,20,27.6,77.7,64.9
78,26.8,3,4,0.22,14,50.2,55.6,51.9
22,25.1,1,1,0.64,1,88.6,1.0,21.5
41,29.9,0,8,0.84,9,49.8,60.7,24.7
40,26.0,0,8,0.98,14,56.1,50.9,23.3
18,40.7,4,3,0.31,10,64.7,56.9,42.9
36,41.6,4,8,0.39,15,34.3,91.5,61.9
69,26.3,2,1,0.89,3,78.1,22.6,25.4
74,40.4,3,2,0.11,13,50.9,58.8,44.4
20,40.5,0,2,0.86,2,94.3,10.6,12.8
32,34.8,0,2,0.23,5,79.9,27.7,16.1
67,28.1,2,3,0.94,15,66.5,22.7,38.5
51,34.8,3,1,0.76,9,79.4,24.3,27.7
79,40.4,0,8,0.22,19,31.8,77.0,45.8
60,20.6,1,4,0.81,13,68.1,22.5,31.6
35,30.9,1,5,0.33,10,61.0,47.0,30.7
74,38.7,2,4,0.24,15,55.1,54.7,40.7
52,20.3,1,2,0.16,9,75.7,25.1,25.0
32,26.0,4,6,0.69,11,53.9,57.9,56.7
61,23.9,0,5,0.8,9,68.5,32.7,26.6
42,35.1,4,2,0.81,11,68.0,33.7,41.8
28,28.9,2,9,0.43,17,45.4,76.7,54.0
39,24.1,2,4,0.2,12,59.1,33.2,31.7
72,33.4,4,6,0.65,18,34.5,72.7,56.2
19,22.6,3,2,0.28,6,73.2,28.3,30.0
19,38.6,2,7,0.82,15,56.7,53.3,34.7
42,19.9,3,2,0.28,10,67.6,37.4,43.7
34,30.9,4,9,0.61,19,35.7,95.0,70.9
47,39.0,1,6,0.54,13,59.0,48.8,28.4
69,22.2,0,8,0.8,14,46.7,60.5,35.4
43,42.0,2,1,0.68,7,82.6,13.7,20.9
24,40.7,2,8,0.24,20,48.9,73.3,44.4
24,35.8,0,3,0.58,4,78.7,10.7,7.5
28,24.6,1,9,0.81,14,50.6,68.3,28.1
55,21.9,4,1,0.47,10,66.8,25.2,40.2
71,35.2,3,4,0.37,14,50.6,61.4,50.9
71,41.7,3,1,0.21,13,61.2,39.1,34.9
87,25.6,4,1,0.46,15,54.8,43.8,52.0
53,32.5,3,8,0.38,22,34.3,89.2,60.2
52,33.0,3,5,0.6,13,56.3,47.4,50.3
42,20.3,0,1,0.49,3,85.8,1.0,12.8
33,39.6,4,4,0.75,17,59.0,53.0,44.1
64,22.6,1,6,0.21,20,47.8,57.2,40.5
50,34.3,3,1,0.16,11,63.4,32.4,34.5
77,33.8,0,9,0.84,19,40.0,65.7,35.7
68,23.6,0,7,0.42,13,51.4,48.5,29.1
55,23.3,0,6,0.3,14,51.5,59.4,21.5
71,26.5,4,8,0.33,18,24.9,95.0,67.8
88,29.4,3,8,1.0,24,37.4,85.3,48.8
64,33.5,1,3,1.0,10,72.2,23.7,26.5
52,28.1,3,7,0.96,17,54.2,61.3,45.6
52,28.4,0,6,0.92,10,69.1,41.1,19.4
45,40.6,1,1,0.62,5,86.2,14.7,18.4
68,19.8,3,8,0.12,23,27.7,86.6,55.4
38,21.3,4,5,0.94,11,56.2,49.4,55.9
28,24.8,2,8,0.15,18,44.3,72.6,53.9
48,25.8,1,7,0.16,14,46.3,66.2,45.0
51,21.6,2,1,0.71,8,82.8,13.6,26.6
34,27.2,4,6,0.78,16,54.0,69.4,54.5
85,27.2,0,9,0.78,19,39.9,63.6,34.7
53,29.5,0,9,0.46,15,43.0,74.1,34.5
86,29.1,0,1,0.78,7,78.3,9.5,10.0
42,29.2,2,5,0.74,15,63.6,52.3,38.1
51,32.5,4,3,0.75,11,64.3,46.0,46.2
80,22.7,2,3,0.58,13,59.8,37.4,36.4
44,35.3,4,5,0.72,14,56.8,61.3,53.9
31,30.4,3,8,0.73,18,44.4,73.4,53.4
21,30.1,1,8,0.59,14,57.6,66.9,36.4
61,37.4,4,5,0.83,16,53.8,61.5,50.5
55,23.4,4,7,0.5,22,39.3,84.0,57.9
18,41.5,3,4,0.74,11,69.0,38.7,39.3
67,25.1,0,6,0.23,16,51.2,62.9,29.1
38,21.1,4,8,0.45,19,37.2,77.0,62.3
68,18.9,2,8,0.62,22,35.0,75.5,47.3
36,23.0,0,2,0.14,3,78.5,19.6,12.1
87,38.7,0,8,0.88,13,50.3,66.6,30.9
37,37.5,1,8,0.81,13,56.3,55.5,34.2
58,39.0,3,8,0.3,19,35.2,93.1,55.9
30,19.7,4,9,0.75,22,33.4,93.2,64.9
30,39.8,4,8,0.19,18,39.5,94.3,67.6
56,36.9,1,4,0.5,11,65.4,36.0,25.6
57,20.1,3,6,0.17,16,37.0,67.7,59.6
35,40.1,2,1,0.99,5,95.6,8.5,14.9
45,40.0,3,1,0.76,7,79.5,14.7,39.7
68,34.3,2,4,0.2,18,51.4,48.0,40.2
67,34.2,1,8,0.72,19,40.3,64.3,46.7
45,27.5,3,5,0.46,16,50.5,52.9,45.4
54,23.8,3,7,0.72,17,45.0,63.8,50.8
30,20.8,0,2,0.69,5,85.1,6.9,7.7
26,41.0,0,2,0.85,6,89.0,1.0,2.0
50,28.5,4,5,0.59,17,53.8,57.8,54.6
25,22.2,4,6,0.67,16,55.9,59.1,54.2
60,19.5,1,4,0.34,12,58.5,44.0,36.1
52,41.4,2,4,0.14,11,56.6,52.3,31.7
47,20.4,0,7,0.23,16,55.7,58.5,29.8
23,24.2,0,2,0.55,4,92.8,5.1,3.8
34,26.1,1,8,0.48,14,53.9,73.4,40.7
46,24.1,4,1,0.76,8,75.1,24.7,37.8
74,36.8,3,3,0.43,9,52.3,45.7,41.0
71,36.1,0,9,0.55,19,42.3,70.6,34.7
43,19.9,4,6,0.72,17,49.5,64.7,52.1
18,18.8,4,4,0.92,10,68.6,42.7,40.9
74,19.9,0,4,0.67,10,63.2,35.5,21.9
18,34.1,4,7,0.15,13,43.7,81.3,65.9
62,25.0,2,6,0.25,14,44.9,59.2,52.3
59,31.9,3,3,0.25,17,59.5,43.9,39.5
19,41.2,3,9,0.99,18,46.6,69.9,49.8
57,39.3,3,3,0.64,9,59.0,44.5,44.5
80,20.5,0,2,0.8,5,76.3,12.4,18.1
52,30.4,4,5,0.91,17,56.0,55.0,52.1
20,23.8,2,5,0.52,9,64.8,47.9,39.0
89,24.7,2,5,0.61,15,46.4,58.2,38.2
30,28.8,3,2,0.24,9,69.8,32.5,46.6
24,41.8,2,5,0.81,9,67.0,42.3,29.0
62,22.0,4,4,0.68,16,53.8,49.6,58.4
78,28.0,0,7,0.79,18,59.0,54.9,27.9
62,30.3,1,4,0.84,13,65.6,26.7,24.8
58,36.0,0,6,0.51,13,58.8,48.4,28.7
50,30.7,0,6,0.23,14,55.5,55.6,27.5
68,39.5,1,7,0.97,20,53.5,62.4,31.0
88,34.1,4,7,0.32,21,27.5,94.6,68.5
36,21.1,1,9,0.71,15,48.6,66.1,37.5
56,36.1,4,8,0.9,22,38.7,87.6,68.3
64,22.3,4,9,0.72,20,28.4,88.7,62.8
51,25.4,3,5,0.15,12,47.1,57.5,46.0
28,22.9,3,3,0.31,13,64.0,42.8,40.2
78,18.8,2,7,0.4,17,38.8,68.7,55.5
86,29.2,0,3,0.77,7,72.8,24.6,14.0
65,20.7,1,6,0.3,18,53.4,57.9,27.6
20,38.2,1,7,0.86,11,58.3,42.9,24.3
84,36.1,4,8,0.13,23,18.1,95.0,74.5
67,24.3,2,2,0.23,9,67.5,40.2,38.5
79,33.1,3,3,0.97,13,55.5,39.0,37.3
65,32.0,2,2,0.97,11,74.9,21.8,22.1
30,36.4,2,7,0.82,15,54.4,53.7,39.7
46,36.5,4,4,0.15,17,47.1,64.3,57.4
61,31.5,2,2,0.77,12,71.6,25.4,34.1
52,27.6,3,9,0.9,20,38.1,80.4,51.8
70,40.2,4,3,0.11,15,47.6,65.8,56.6
44,33.0,3,1,0.55,8,78.2,25.9,32.9
26,29.5,3,4,0.7,9,65.7,32.2,40.2
69,20.9,0,6,0.57,12,57.3,51.3,32.1
65,19.2,1,6,0.34,14,46.6,63.3,40.9
65,31.9,4,8,0.51,20,31.4,90.5,66.7
59,29.0,2,8,0.94,17,47.0,75.9,47.3
34,31.3,1,4,0.62,10,72.8,38.8,24.7
31,20.4,1,4,0.99,9,81.6,24.3,17.1
79,21.5,3,9,0.2,25,20.9,95.0,73.3
26,27.2,0,1,0.57,5,89.0,1.0,11.5
71,39.8,0,7,0.24,18,43.6,67.2,41.6
46,41.6,3,8,0.76,16,45.2,82.6,54.8
54,35.4,3,2,0.95,8,73.9,28.0,34.1
65,25.6,1,4,0.81,10,64.3,32.1,28.8
52,32.9,1,2,0.7,8,74.4,17.1,23.6
88,38.2,1,5,0.76,13,49.7,64.1,34.5
18,27.2,3,2,0.62,7,74.8,24.5,22.9
78,21.1,1,3,0.95,11,69.1,24.5,19.3
82,42.0,4,3,0.54,17,50.1,54.6,54.3
40,39.7,2,9,0.14,18,30.3,89.0,60.1
84,33.0,4,7,0.93,23,36.9,81.7,59.7
23,39.7,3,3,0.5,8,70.6,39.7,36.3
45,40.2,0,4,0.68,6,75.2,26.3,11.4
80,29.9,1,4,0.22,12,54.4,47.9,39.4
80,36.5,4,4,0.58,16,36.8,64.4,52.1
52,26.9,2,4,0.35,12,59.6,54.9,33.5
58,34.0,1,7,0.49,15,46.4,69.7,39.1
40,38.8,3,5,0.45,13,58.5,57.6,45.4
89,35.6,4,7,0.17,25,28.2,95.0,68.6
46,28.4,1,5,0.92,10,68.0,53.0,33.1
85,34.1,2,4,0.4,12,46.8,55.8,50.1
61,23.8,1,5,0.97,13,63.8,39.9,28.7
62,41.4,4,6,0.11,17,37.9,82.6,62.1
20,21.3,2,6,0.86,11,67.7,42.0,32.8
56,35.0,2,1,0.54,9,75.7,28.9,26.0
63,30.4,2,2,0.46,10,70.6,35.4,34.8
72,22.5,2,3,0.91,9,64.7,27.2,28.5
89,32.8,3,4,0.79,16,52.2,41.1,48.1
51,28.5,3,7,0.66,12,45.2,59.9,54.8
19,26.0,1,5,0.77,8,72.8,37.1,27.3
67,38.0,4,9,0.94,22,31.2,85.5,62.6
25,27.4,4,4,0.37,10,60.6,58.5,54.1
45,21.5,0,4,0.36,10,71.6,30.8,22.2
60,38.1,2,2,0.71,9,70.5,22.3,25.9
25,36.9,3,4,0.45,12,64.3,44.7,34.4
65,29.3,3,8,0.52,19,37.1,92.9,52.7
89,36.8,1,5,0.62,15,50.0,42.8,37.9
39,31.8,1,3,0.96,12,76.5,18.3,19.0
64,37.2,3,5,0.57,15,48.6,56.2,50.4
46,29.1,1,3,0.22,9,70.5,29.5,29.0
60,19.4,4,6,0.97,15,47.0,46.4,63.7
48,36.2,0,2,0.95,4,90.1,9.1,12.4
61,34.6,1,7,0.86,15,54.8,65.9,36.0
40,33.2,0,6,0.49,11,64.4,46.8,23.3
42,34.6,3,9,0.89,21,42.9,81.9,54.1
36,24.0,4,5,0.47,12,49.1,63.2,48.2
50,36.6,3,7,0.89,18,51.5,66.2,44.6
76,26.2,0,5,0.46,9,56.0,38.6,33.4
72,25.9,1,9,0.64,19,41.5,76.3,41.0
43,32.1,4,6,0.99,16,53.0,59.1,52.0
51,33.5,4,5,0.59,15,48.9,66.7,55.4
88,30.3,4,1,0.67,11,70.1,38.3,51.9
47,40.9,4,8,0.28,24,33.9,95.0,64.5
54,26.1,1,7,0.36,18,48.5,64.5,35.5
50,18.9,3,5,0.3,15,49.7,53.9,48.4
25,31.1,1,9,0.62,18,46.3,69.7,38.1
72,18.6,1,1,0.15,9,70.9,19.6,21.9
53,39.5,0,8,0.21,19,46.3,67.0,40.6
44,31.8,4,5,0.74,13,56.8,55.7,48.9
27,38.9,3,4,0.48,13,62.6,48.6,36.8
29,31.0,2,5,0.22,14,59.3,56.1,40.5
85,34.2,0,1,0.39,4,68.1,15.7,24.2
24,22.5,4,7,0.56,14,47.2,70.1,53.4
73,23.7,3,8,0.9,15,37.9,81.5,60.3
20,27.7,4,7,0.17,17,39.6,84.3,63.4
72,30.3,1,9,0.74,18,40.9,83.7,38.5
18,41.4,2,4,0.5,12,70.6,34.1,34.9
42,21.4,1,4,1.0,7,72.7,18.3,22.3
80,28.7,1,1,0.38,5,70.1,31.5,21.8
28,28.7,1,6,0.42,13,65.5,59.7,34.8
33,33.3,4,1,0.3,11,71.2,28.6,49.4
61,23.2,3,8,0.66,22,38.0,78.4,57.7
26,36.2,2,5,0.3,12,62.3,44.5,44.7
56,36.2,1,3,0.11,10,66.7,39.0,33.3
52,34.0,2,4,0.4,10,59.0,44.8,36.3
68,39.5,3,2,0.75,11,64.9,34.7,38.8
18,25.3,3,4,0.27,10,62.9,42.2,38.6
41,30.0,0,8,0.18,17,49.0,69.4,37.5
51,22.2,4,8,0.58,21,33.4,80.8,64.7
24,34.8,2,7,0.15,19,49.5,68.6,47.8
53,22.3,2,8,0.34,20,39.1,74.5,46.1
22,32.7,3,5,0.82,13,66.8,36.9,40.3
28,30.5,3,8,0.27,18,42.4,86.2,60.4
56,39.9,2,5,0.42,11,51.8,49.0,36.8
41,31.0,2,1,0.91,8,84.3,18.7,19.3
64,27.7,1,7,0.65,13,47.5,67.4,36.4
46,18.6,4,4,0.9,10,62.5,42.1,45.1
54,32.5,0,5,0.73,10,67.5,39.7,16.0
34,29.9,1,6,0.51,15,59.2,47.5,30.9
21,22.5,4,9,0.95,19,42.9,81.6,57.0
72,32.6,2,6,0.4,17,45.2,56.8,41.8
40,38.0,4,6,0.56,15,40.7,61.7,46.9
24,40.0,4,2,0.72,7,68.6,28.4,43.2
58,22.6,3,7,0.55,17,31.9,64.4,49.4
52,28.4,0,1,0.74,2,82.7,6.8,2.0
70,38.2,3,2,0.91,11,69.5,31.2,37.8
34,23.5,3,3,0.39,7,62.7,35.0,43.9
40,27.2,1,5,0.15,12,60.1,57.2,32.1
42,35.2,1,2,0.45,3,77.9,17.5,22.4
49,31.9,2,1,0.27,12,76.1,23.8,33.2
48,21.2,1,9,0.57,21,46.3,71.9,46.4
68,38.8,4,9,0.77,19,28.7,84.1,70.7
26,18.9,0,5,0.54,9,73.4,24.7,20.7
52,38.7,1,6,0.43,16,54.2,50.9,41.7
28,40.5,3,7,0.84,16,48.5,63.0,41.3
76,27.9,2,3,0.61,13,63.3,38.4,36.8
35,28.7,2,6,0.78,12,60.3,49.3,33.5
22,38.3,3,4,0.64,12,66.5,42.3,39.1
25,27.0,4,4,0.86,8,59.1,45.6,48.7
28,24.6,1,4,0.43,8,70.4,31.1,27.5
34,25.8,1,2,0.87,4,86.4,13.0,13.9
29,21.4,4,5,0.38,14,51.8,61.5,49.7
72,26.4,3,3,0.26,13,52.7,50.0,45.7
19,30.4,2,2,0.91,3,81.8,21.6,23.2
57,32.4,3,9,0.46,20,28.8,88.8,62.2
59,32.0,2,4,0.99,9,65.2,34.7,29.5
85,23.9,4,2,0.57,13,57.9,40.7,52.6
29,30.5,4,8,0.99,18,43.8,65.6,57.4
25,33.2,3,3,0.38,11,70.6,38.0,33.5
53,19.0,4,4,0.5,14,56.2,54.4,56.4
46,39.5,3,4,0.81,15,65.0,42.9,37.0
38,18.7,0,3,0.98,4,85.3,9.8,12.6
39,30.6,0,6,0.2,11,60.5,49.6,27.2
31,20.1,4,8,0.81,17,45.1,78.7,59.4
83,26.5,3,9,0.12,23,18.4,95.0,69.6
19,31.8,0,3,0.78,3,89.1,12.6,19.3
73,25.0,1,6,0.36,14,46.3,65.8,39.7
88,36.5,1,1,0.77,6,81.2,24.0,24.8
73,21.2,4,8,0.68,25,26.3,83.3,65.3
49,20.1,4,3,0.54,12,56.3,44.9,54.2
39,32.6,4,5,0.81,13,50.2,51.2,44.7
21,40.7,1,4,0.16,9,68.5,34.8,28.2
36,40.8,4,8,0.92,18,42.9,81.1,52.0
83,39.3,0,4,0.69,12,64.4,34.8,29.1
47,31.8,4,4,0.4,13,53.0,64.3,48.8
64,39.8,4,4,0.27,15,47.6,68.2,52.1
46,38.0,0,5,0.38,9,62.5,38.1,28.2
89,22.6,1,3,0.69,12,64.6,33.8,23.7
42,24.2,2,5,0.98,11,66.6,46.3,37.2
65,32.9,2,1,0.57,4,77.7,14.4,28.4
27,41.7,4,1,0.98,7,80.1,15.4,35.0
89,25.9,2,2,0.49,13,61.5,40.8,35.5
20,23.1,4,9,0.84,19,46.7,83.1,57.1
86,27.2,2,2,0.58,11,63.7,32.2,25.7
20,33.4,2,9,0.8,18,54.0,69.1,40.8
51,24.2,1,7,0.35,16,44.7,60.6,40.1
25,38.8,1,6,0.84,9,72.9,43.5,26.8
40,38.7,2,4,0.89,9,72.9,38.8,28.1
39,34.2,1,5,0.32,9,61.5,45.2,36.2
45,27.5,3,4,0.87,9,67.0,41.8,44.3
48,32.7,1,6,0.57,14,54.8,49.6,24.8
40,28.0,4,4,0.35,12,50.6,58.4,51.4
66,37.5,0,9,0.33,21,37.6,81.9,42.0
83,39.9,0,5,0.92,8,61.3,39.7,24.7
89,39.6,2,5,0.53,16,48.4,59.9,46.4
35,24.4,3,3,0.42,9,66.7,40.8,40.3
69,30.3,1,6,0.52,15,47.4,50.6,33.6
66,32.8,2,7,0.76,16,53.0,63.9,50.2
50,41.3,1,8,0.35,16,43.5,73.9,46.0
18,21.9,2,3,0.95,4,83.3,23.6,22.0
72,37.9,4,4,0.99,12,52.3,49.9,51.1
72,21.1,0,5,0.4,17,53.3,44.3,28.7
23,31.8,3,4,0.19,13,56.9,48.5,46.4
20,26.6,3,8,0.16,19,39.5,86.4,51.8
29,35.8,1,1,0.96,2,94.9,1.0,11.8
33,34.0,0,4,0.55,6,76.6,26.0,19.8
29,29.0,1,8,0.6,18,49.3,63.3,40.5
74,20.7,4,8,0.86,24,38.0,89.8,62.7
83,33.0,4,3,0.34,17,44.7,61.2,52.1
81,24.1,3,2,0.93,13,70.1,38.8,45.0
68,31.3,1,6,0.57,14,49.9,54.5,34.5
79,34.7,3,1,0.86,10,73.9,30.4,37.6
56,23.2,1,8,0.86,18,49.7,58.4,32.6
77,36.8,3,5,0.93,15,53.5,52.7,48.8
26,39.7,3,9,0.54,19,37.4,92.8,52.6
40,22.9,3,9,0.13,16,35.7,95.0,59.8
19,22.3,0,3,0.55,8,81.2,18.6,9.6
48,41.5,0,8,0.94,11,57.0,46.3,34.5
51,21.0,2,1,0.51,10,79.6,18.3,29.9
36,41.2,0,8,0.63,15,57.4,59.2,31.9
24,19.6,1,2,0.47,5,86.2,14.1,19.5
40,21.8,1,4,0.63,11,69.6,24.6,23.4
76,21.7,3,1,0.15,13,68.3,48.1,44.1
58,36.9,0,4,0.98,9,72.8,25.5,6.7
76,39.3,1,9,0.44,20,37.0,90.0,48.7
37,22.4,0,5,0.52,11,69.3,29.8,19.0
38,41.2,0,2,0.45,6,81.4,8.1,18.4
68,33.3,0,1,0.62,3,79.8,15.2,14.7
45,39.3,0,4,0.82,10,75.4,31.1,12.5
54,34.6,2,9,0.64,18,35.1,81.7,51.4
44,19.9,4,6,0.21,18,39.9,75.8,58.8
71,35.7,4,9,0.29,25,22.4,95.0,68.4
66,36.2,0,9,0.58,16,39.1,73.1,41.3
81,34.3,1,1,0.25,11,74.6,24.7,26.2
44,28.0,0,8,0.46,21,46.8,64.5,24.6
53,25.9,0,2,0.59,7,80.2,10.1,19.9
21,31.8,4,9,0.66,19,41.0,91.2,60.1
79,21.7,4,7,0.5,22,32.0,77.7,67.5
71,31.2,1,8,0.77,17,42.1,68.1,46.7
79,41.9,2,7,0.1,17,40.2,94.1,61.0
59,30.3,4,7,0.55,14,33.2,82.9,54.2
45,19.4,1,6,0.88,15,64.5,46.0,31.3
40,31.6,4,7,0.46,20,40.7,70.0,62.1
82,22.8,1,4,0.4,12,56.1,41.6,30.5
73,27.4,1,6,0.99,14,61.5,59.6,31.9
43,33.0,3,5,0.99,11,55.7,48.3,41.9
89,39.8,1,5,0.72,14,51.2,46.0,38.3
56,36.9,0,9,0.8,16,49.8,71.7,39.8
51,27.3,2,2,0.83,8,73.5,10.7,26.3
60,29.1,3,4,0.36,15,55.2,55.8,46.0
32,21.2,2,4,0.93,8,75.7,32.3,27.3
68,35.0,0,5,0.39,17,60.2,51.8,33.4
80,37.6,1,1,0.96,5,85.6,5.4,22.7
59,27.4,0,8,0.89,13,56.5,47.5,23.6
51,22.6,4,1,0.32,12,69.3,32.1,41.6
21,32.5,1,3,0.39,7,77.8,31.5,15.7
71,39.0,0,4,0.43,10,66.2,38.0,23.7
43,23.7,4,7,0.23,23,37.9,87.1,67.5
88,34.1,2,3,0.99,16,64.6,39.4,38.6
37,23.7,3,4,0.11,11,50.5,45.8,44.7
57,33.3,4,2,0.56,12,64.2,38.6,48.2
40,41.6,2,7,0.84,17,57.2,56.5,37.9
28,41.4,0,4,0.82,8,87.2,20.5,14.9
53,20.6,3,1,0.93,10,75.9,29.6,30.3
80,41.2,0,3,0.33,10,66.5,29.4,23.0
68,31.7,4,5,0.93,15,51.9,60.0,54.5
55,26.3,3,8,0.66,20,34.9,81.5,64.3
34,26.6,4,4,0.44,15,58.9,54.9,49.8
81,39.7,4,8,0.4,24,25.4,95.0,67.4
33,20.2,0,6,0.53,13,62.6,45.0,24.7
77,35.3,0,5,0.3,14,56.3,56.8,22.9
58,34.7,4,4,0.3,15,44.8,64.8,52.8
49,35.1,1,1,0.98,2,84.8,5.7,10.7
83,38.9,3,6,0.98,15,44.4,59.2,57.5
65,26.8,2,9,0.66,21,33.0,86.8,57.3
62,41.4,4,9,0.67,19,30.5,93.4,68.9
34,38.9,4,2,0.28,10,60.5,52.4,44.5
37,30.5,1,3,0.16,10,66.6,28.0,26.9
22,39.9,0,4,0.11,7,68.6,29.2,20.9
88,28.2,0,2,0.82,8,76.1,22.7,15.0
77,35.9,4,6,0.34,17,31.3,86.7,64.2
35,33.0,2,6,0.91,12,60.6,33.9,37.8
57,36.7,2,9,0.73,19,40.1,75.4,53.0
36,31.7,0,8,0.3,19,45.7,62.5,26.8
40,27.5,1,4,0.29,11,68.5,40.7,31.3
86,26.7,4,4,0.88,17,50.7,60.9,58.6
43,20.0,2,2,0.92,5,86.1,14.4,28.6
38,29.6,4,3,0.27,13,60.1,48.0,50.6
35,24.2,0,6,0.47,9,62.9,45.1,22.1
45,39.0,1,8,0.74,16,54.5,65.9,34.3
20,41.1,3,7,0.61,12,51.2,69.9,53.9
62,21.6,4,9,0.68,20,28.3,95.0,70.1
75,37.8,1,2,0.37,12,66.8,29.5,19.0
39,22.8,3,4,0.81,8,66.1,40.3,36.5
51,36.2,3,2,0.67,10,77.0,32.9,34.4
36,41.4,3,2,0.27,12,73.3,35.1,38.5
54,32.9,2,5,0.8,11,64.2,41.3,31.9
30,26.3,3,3,0.35,9,60.5,31.2,33.6
31,21.5,0,4,0.14,8,69.7,42.4,20.5
38,36.2,1,9,0.55,17,45.7,75.0,42.5
46,31.0,4,9,0.74,21,35.0,87.4,61.3
23,18.8,4,9,0.35,18,31.4,90.5,68.7
85,32.3,4,1,0.68,12,66.6,38.4,43.4
30,36.1,3,7,0.23,16,48.5,65.8,55.3
51,30.7,1,4,0.4,14,65.0,34.2,33.6
58,24.8,3,9,0.36,21,31.4,87.9,65.3
56,21.1,3,6,0.88,13,55.1,58.4,47.7
39,20.5,4,5,0.96,15,58.8,52.8,48.3
47,28.6,4,8,0.32,21,33.0,91.4,68.0
51,35.7,4,5,0.91,17,52.3,63.2,52.3
46,29.9,2,6,0.96,14,59.0,55.4,38.3
83,26.9,2,7,0.74,19,41.9,67.9,49.9
86,30.7,4,6,0.37,19,35.9,83.6,68.0
32,34.5,4,3,0.67,13,68.4,45.6,49.7
19,30.2,4,5,0.32,15,53.2,64.8,48.8
85,19.1,0,8,0.68,17,45.5,57.3,36.7
27,32.0,3,1,0.28,8,74.1,23.1,34.3
65,35.8,1,6,0.78,16,53.7,49.4,28.1
47,18.9,4,9,0.38,22,27.4,95.0,66.7
26,37.3,2,6,0.79,11,59.4,45.6,36.5
49,41.5,4,8,0.2,19,30.2,95.0,68.4
59,27.8,3,5,0.93,13,57.4,57.9,43.9
45,23.8,3,9,0.21,23,31.6,95.0,63.4
42,26.9,4,6,0.33,14,42.0,72.0,55.6
44,35.2,0,4,0.95,9,74.7,27.6,8.8
54,38.8,4,2,0.12,12,57.8,48.7,51.8
53,35.8,4,8,0.18,22,30.4,95.0,62.8
61,29.2,2,2,0.68,6,72.9,23.6,30.9
39,31.5,3,2,0.36,10,71.9,39.9,28.2
27,34.8,1,9,0.45,18,46.3,71.2,45.8
74,27.8,4,5,0.92,15,52.4,58.3,54.6
77,19.9,2,9,0.78,18,37.5,89.6,55.0
52,28.5,4,8,0.66,20,36.2,87.4,58.5
31,24.1,1,1,0.55,5,86.7,10.4,13.3
34,27.3,1,3,0.97,5,83.5,12.5,16.1
60,19.9,0,1,0.95,2,91.2,1.0,2.0
64,34.2,3,4,0.34,14,51.4,57.3,41.4
30,35.1,3,9,0.36,17,36.0,84.6,58.6
78,25.5,0,9,0.77,16,37.7,77.0,37.5
18,18.9,1,8,0.98,12,63.3,57.7,33.4
61,25.7,4,8,0.88,19,41.0,79.3,64.9
20,30.1,4,9,0.11,20,35.9,95.0,72.7
54,30.4,4,8,0.92,19,39.4,82.9,60.7
28,24.8,4,7,0.69,16,46.6,77.2,47.1
23,28.1,0,4,0.67,5,82.4,24.4,14.1
58,36.2,0,6,0.43,14,56.6,53.9,18.8
54,34.8,3,8,0.53,17,39.3,88.5,50.0
38,19.2,4,5,0.77,13,58.3,65.1,60.5
43,41.9,2,1,0.76,10,86.7,22.5,24.9
39,37.5,0,4,0.34,8,70.5,34.0,21.8
36,32.6,4,2,0.4,13,67.4,36.6,49.4
61,23.8,2,5,0.65,12,57.0,48.3,44.3
48,24.0,0,1,0.47,6,86.2,7.6,10.3
24,41.4,3,2,0.47,8,66.7,35.5,33.1
77,35.0,2,8,0.8,18,38.1,76.1,49.5
21,19.6,2,4,0.88,12,71.2,26.5,25.4
38,33.8,3,2,0.56,9,74.3,30.4,36.8
69,27.1,0,3,0.64,8,78.1,24.6,15.4
70,34.5,0,7,0.23,21,49.5,66.4,38.1
66,28.8,4,9,0.73,22,29.3,95.0,71.1
35,41.0,0,9,0.56,12,48.9,70.9,31.9
73,26.0,0,4,0.82,7,70.6,27.5,28.1
66,38.3,4,7,0.83,17,39.7,71.7,64.8
84,41.4,3,1,0.9,8,72.5,20.4,36.9
46,33.0,4,6,0.83,15,53.5,65.0,57.3
39,40.2,0,3,0.65,7,82.5,24.6,18.2
66,31.4,1,4,0.97,13,67.7,38.7,32.0
76,32.8,1,3,0.99,11,72.8,22.2,21.8
84,28.9,2,7,0.93,23,43.4,66.7,39.9
60,40.0,4,8,0.62,19,36.1,90.8,62.9
75,32.7,4,6,0.51,20,39.3,76.4,65.1
68,39.8,3,5,0.82,14,53.5,60.4,39.2
59,30.1,2,1,0.97,8,79.4,21.0,26.7
52,20.8,0,3,0.58,8,73.9,23.4,17.8
80,24.9,0,2,0.62,9,72.9,17.0,22.9
28,39.4,0,4,0.31,10,72.5,24.6,20.2
86,32.3,3,1,0.43,11,62.8,34.2,45.3
24,38.6,2,3,0.37,8,72.7,29.1,23.3
68,33.1,1,4,0.12,11,55.3,44.2,33.4
30,39.9,0,5,0.93,8,76.9,32.3,14.8
30,38.7,1,4,0.31,6,71.3,31.8,26.3
47,27.3,2,3,0.57,8,70.2,37.1,31.4
61,37.4,1,3,0.98,8,77.4,21.9,22.7
53,22.9,3,3,0.46,8,58.0,36.7,38.1
83,22.6,1,3,0.74,8,65.7,38.0,21.4
74,20.3,4,2,0.51,16,60.7,47.3,56.9
24,20.0,1,7,0.26,13,51.3,56.1,31.6
59,28.1,4,3,0.38,11,54.8,45.3,56.9
40,38.8,3,6,0.41,17,50.2,59.6,42.6
33,20.0,1,9,0.32,16,40.6,73.9,39.3
20,27.9,3,1,0.5,7,83.4,20.1,28.7
43,34.0,4,3,0.51,12,62.7,42.2,52.3
22,21.7,2,7,0.89,15,62.7,47.4,41.8
78,38.8,3,2,0.21,9,53.4,47.3,41.9
18,22.6,1,7,0.79,8,65.3,51.1,31.0
63,38.7,0,3,0.48,7,71.9,23.8,19.8
79,31.1,3,6,0.19,21,36.6,81.9,55.0
66,28.7,1,8,0.74,19,43.9,62.8,37.3
85,34.5,4,9,0.47,24,22.8,95.0,74.9
63,30.0,3,4,0.11,16,48.3,66.0,53.9
29,35.0,1,1,0.86,5,89.6,11.4,11.9
69,33.2,2,1,0.98,5,85.2,9.7,26.9
38,33.1,2,4,0.75,14,66.3,35.9,26.1
80,25.2,2,1,0.17,10,61.9,36.1,37.7
55,37.9,4,1,0.55,8,64.1,41.4,40.8
41,39.1,4,5,0.51,12,53.9,53.4,51.8
66,39.9,0,8,0.16,16,34.4,77.1,48.1
26,36.8,2,1,0.78,4,93.2,5.5,21.4
50,19.4,4,2,0.88,11,70.7,21.0,36.2
74,41.1,2,5,0.27,13,49.8,61.4,44.8
65,22.3,2,3,0.32,11,59.2,46.9,35.3
76,24.0,4,5,0.69,15,45.7,72.7,58.3
70,30.4,3,2,0.5,13,64.4,35.1,40.4
49,19.1,1,9,0.99,20,50.6,72.9,40.4
39,34.0,1,9,0.4,20,39.0,71.2,44.1
67,25.6,3,6,0.64,14,45.1,68.8,52.8
23,22.6,4,2,0.77,7,69.8,34.4,37.8
63,27.6,1,8,0.17,19,34.5,76.9,42.9
22,19.0,4,5,0.97,15,59.0,56.7,47.4
38,34.6,0,3,0.38,7,71.8,19.0,18.8
54,29.6,4,6,0.74,19,48.1,63.7,51.6
72,25.3,3,2,0.73,10,67.1,29.8,45.9
31,26.1,1,7,0.2,16,50.3,70.7,31.1
26,23.6,0,2,0.37,1,81.7,19.0,11.4
47,36.3,2,7,0.51,15,46.3,74.6,42.4
39,35.3,4,4,0.63,12,62.1,52.4,49.3
21,35.0,4,6,0.11,16,46.7,79.8,56.8
66,37.7,4,9,0.35,22,26.8,95.0,62.2
20,19.0,4,4,0.35,14,59.1,52.8,53.6
77,25.3,4,8,0.64,20,33.8,83.7,66.1
84,26.4,2,7,0.94,15,47.3,62.2,51.1
59,34.5,2,6,0.19,18,47.2,61.5,47.8
52,30.4,0,8,0.84,16,59.1,62.1,26.4
53,27.5,4,9,0.11,23,21.4,95.0,73.0
54,31.8,3,3,0.88,7,66.6,42.5,42.1
57,20.7,2,8,0.68,20,39.7,72.9,49.9
88,39.4,2,7,0.38,19,32.6,70.8,53.9
42,30.5,0,5,0.98,10,70.8,25.4,16.8
71,38.6,2,3,0.17,11,53.7,46.2,36.1
20,35.9,1,5,0.86,10,71.6,33.8,22.5
84,35.8,4,6,0.62,17,40.0,70.5,68.2
74,22.2,4,5,0.33,20,40.0,65.3,60.2
67,29.6,4,1,0.8,10,66.3,36.0,41.5
44,27.8,0,1,0.74,3,94.1,1.0,11.4
77,23.6,2,6,0.61,16,42.4,59.8,49.8
62,19.4,2,7,0.75,20,50.6,58.7,45.1
27,41.9,0,6,0.7,9,75.8,44.1,19.7
39,26.2,2,7,0.92,15,57.4,59.1,40.1
73,35.0,4,6,0.11,15,37.0,73.4,61.8
54,19.0,1,6,0.38,15,53.8,49.2,35.2
27,29.6,3,6,0.48,13,59.0,67.6,43.4
67,35.6,3,6,0.86,16,51.8,62.6,55.2
62,32.0,4,1,0.55,8,63.5,32.2,50.5
40,22.9,2,8,0.65,16,49.6,68.9,45.5
68,31.8,1,5,0.81,11,55.7,44.5,31.3
72,24.3,2,9,0.8,17,31.7,79.0,53.1
80,19.5,4,4,0.7,16,52.3,61.3,53.5
64,31.6,4,4,0.13,18,40.3,72.3,55.8
38,30.6,2,2,0.25,6,68.1,31.2,27.0
40,33.4,2,5,0.49,16,62.3,55.6,41.5
78,26.6,0,1,0.38,12,75.2,15.9,20.0
65,20.4,1,2,0.74,7,76.8,13.7,26.4
73,41.5,2,8,0.21,21,32.1,86.5,55.5
18,41.3,3,1,0.83,7,85.1,4.4,22.8
21,34.2,4,6,0.64,18,51.7,62.5,50.5
48,31.1,4,5,0.84,13,51.2,62.2,52.3
38,40.6,1,3,0.22,8,70.5,24.7,22.6
41,25.9,3,9,0.43,21,37.1,86.4,54.0
43,27.6,0,9,0.41,16,39.8,68.9,31.4
55,20.5,0,3,0.97,9,82.1,17.9,18.1
38,31.2,3,1,0.15,12,72.9,35.4,32.7
21,38.2,4,3,0.44,14,62.1,42.3,42.6
77,34.3,4,4,0.18,15,44.8,61.1,60.4
63,40.9,3,6,0.21,18,45.4,70.7,51.5
50,22.2,1,3,0.29,9,66.8,27.8,29.1
21,27.4,3,9,0.74,17,42.3,75.9,50.3
71,20.4,3,5,0.81,13,52.9,59.2,44.0
61,26.1,4,5,0.56,18,46.7,60.8,59.8
57,21.7,2,8,0.91,14,47.4,69.5,41.2
76,28.0,1,2,0.58,8,73.2,29.2,27.4
50,30.4,3,1,0.65,11,76.8,22.3,35.9
73,33.4,1,2,0.85,12,75.8,19.5,21.2
64,23.8,3,4,0.18,14,59.5,54.1,48.0
66,36.2,2,4,0.19,14,52.4,51.8,48.9
87,38.8,4,5,0.17,23,36.4,82.6,70.2
45,26.9,4,9,0.46,25,29.3,92.0,61.4
36,24.4,4,5,0.94,11,56.6,57.1,52.7
78,39.6,1,7,0.45,19,43.3,69.7,46.7
58,19.6,4,7,0.13,22,29.5,82.0,61.9
44,29.8,4,4,0.26,14,53.1,62.8,57.3
71,40.5,4,3,0.25,17,51.8,61.8,51.8
86,41.9,2,7,0.49,18,43.3,76.5,43.2
70,22.7,1,1,0.7,2,72.9,10.2,19.5
89,40.1,0,1,0.93,6,77.0,3.2,12.2
66,29.7,2,3,0.36,14,63.7,43.2,36.8
78,23.0,1,8,0.76,17,41.5,68.7,40.4
71,18.6,4,5,0.48,16,42.6,65.2,56.2
50,19.7,1,9,0.17,17,37.1,73.0,46.5
32,40.4,3,2,0.88,4,83.2,27.1,30.2
26,22.7,4,8,0.92,16,46.0,73.1,58.2
79,25.4,2,4,0.23,12,50.6,42.6,36.8
28,21.3,0,3,0.56,6,79.4,16.6,14.2
57,41.8,0,7,0.63,11,56.0,55.7,28.9
20,22.5,2,2,0.63,9,83.9,14.9,25.0
89,19.0,3,3,0.68,13,55.2,41.5,41.4
20,37.2,4,2,0.89,5,80.5,35.4,36.8
42,35.9,4,4,0.19,13,51.6,75.8,51.3
76,31.3,3,6,0.77,17,46.3,66.5,48.2
53,34.7,0,5,0.56,13,64.1,43.5,35.2
68,31.9,3,9,0.81,20,30.1,83.7,54.9
72,41.3,1,2,0.34,5,67.6,27.4,26.1
74,31.6,4,1,0.26,12,62.8,37.0,46.0
52,19.0,2,1,0.21,3,71.1,31.2,30.7
59,36.5,1,3,0.18,11,67.5,30.2,29.7
57,40.5,1,2,0.81,6,74.3,15.9,9.9
51,29.1,0,1,0.57,6,82.3,3.7,14.9
22,26.5,1,2,0.84,7,85.1,18.1,13.4
45,28.4,4,7,0.86,16,47.5,77.6,52.7
57,34.0,2,7,0.39,19,44.7,80.1,46.9
33,41.3,1,9,0.45,15,43.8,78.4,43.6
73,22.8,1,9,0.95,16,45.6,78.2,44.9
57,34.8,1,4,0.14,11,57.1,47.3,32.1
25,38.9,1,4,0.57,11,72.3,29.0,22.5
29,31.1,1,3,0.94,4,79.9,7.0,14.1
32,35.2,4,4,0.17,13,54.0,51.8,46.3
81,31.0,1,5,0.53,16,55.9,41.5,39.9
19,27.2,0,5,0.92,6,83.4,21.2,19.8
21,31.9,0,5,0.58,10,74.2,34.5,17.0
77,24.1,3,7,0.1,22,31.3,81.8,67.5
65,27.5,2,5,0.51,12,55.1,51.4,41.1
71,25.6,3,8,0.69,18,37.6,78.1,55.3
47,27.3,3,6,0.82,15,57.7,54.6,39.7
77,32.2,2,5,0.51,17,51.7,52.9,39.9
57,20.4,1,9,0.11,17,31.2,95.0,52.4
88,39.6,4,6,0.58,17,39.5,78.0,60.9
55,31.3,0,5,0.54,10,62.7,40.6,23.2
42,30.1,4,3,0.34,12,52.6,45.3,54.3
36,29.3,0,7,0.84,11,67.5,45.4,21.2
52,35.0,1,5,0.47,13,58.6,45.6,32.2
53,31.2,2,9,0.27,20,29.4,89.0,52.6
49,21.5,3,9,0.21,18,28.2,95.0,57.7
49,18.8,0,5,0.47,9,65.7,39.6,27.3
66,35.1,4,6,0.11,19,40.7,86.5,68.9
83,24.0,3,6,0.76,15,44.9,72.8,60.9
43,41.8,4,5,0.4,14,46.5,64.4,52.6
62,27.8,4,4,0.28,16,47.8,62.4,64.3
49,20.8,0,1,0.28,5,84.3,11.6,14.3
80,34.1,4,9,0.5,23,21.3,95.0,78.1
22,30.0,2,7,0.49,14,52.6,63.1,32.7
61,25.6,4,5,0.39,13,48.5,67.4,55.7
52,39.5,3,4,0.51,9,60.2,51.9,42.6
70,28.1,0,6,0.56,12,52.7,48.2,27.5
78,20.0,4,6,0.97,18,45.2,62.8,55.6
25,35.2,4,7,0.62,13,38.6,76.7,56.5
72,41.9,4,6,0.72,17,44.8,70.2,63.1
47,32.8,4,6,0.31,16,45.9,86.2,53.0
33,37.9,0,2,0.79,5,89.7,13.4,12.2
80,22.2,4,3,0.24,13,45.6,58.3,47.9
69,26.2,4,3,0.8,10,61.6,38.1,45.9
19,31.1,0,9,0.23,14,48.2,83.5,35.4
63,36.2,0,7,0.95,11,55.4,54.6,29.4
26,27.6,4,3,0.64,15,67.2,38.4,40.7
29,25.9,1,6,0.63,14,59.8,45.7,34.5
77,38.2,2,8,0.39,18,30.3,85.8,55.6
79,21.8,1,1,0.24,10,73.9,27.5,24.5
77,19.9,3,4,0.85,12,50.0,46.4,46.1
61,31.9,1,7,0.5,17,44.9,59.4,33.2
38,27.3,1,7,0.49,12,57.1,57.3,30.3
21,39.5,4,6,0.99,15,59.2,52.4,47.0
47,35.5,0,8,0.11,14,44.9,91.9,32.4
55,19.0,0,8,0.9,10,55.6,52.8,25.9
76,24.0,4,1,0.87,11,65.7,28.9,51.6
24,25.1,3,1,0.36,8,79.8,21.7,40.8
